method,split,event_id,camera,chain_translation_mm,chain_rotation_deg,corner_count,pixel_sse,reprojection_rmse_px,pixel_failure
shah,heldout,3,0,0.6365807435580907,0.11890885510531055,5,8.181366748693499,1.2791690074961557,
shah,heldout,8,0,1.0046200493037476,0.16611371405936157,11,14.63856817512522,1.1535939168578273,
shah,heldout,15,0,1.305649893038048,0.20746572879955427,12,13.466715045653846,1.0593518083264346,
shah,train,0,0,2.1243969417342337,0.14153818075206,16,315.78084783862425,4.442555907348158,
shah,train,1,0,2.0821299507833433,0.2716005775940686,12,177.41423038011305,3.8450642645270254,
shah,train,2,0,3.370619675780904,0.423154111016132,14,347.5346701201691,4.98235938171701,
shah,train,4,0,1.4063967744519321,0.049655008892471125,16,42.27015702484216,1.625387588870001,
shah,train,6,0,2.2479695541883506,0.1814391898758595,9,74.68466133267319,2.880676258039135,
shah,train,7,0,1.0142439706532502,0.11487693111397963,11,13.79454761082292,1.1198436421224545,
shah,train,10,0,1.5225644497340813,0.15664600500782105,3,3.833315233666242,1.1303856618674062,
shah,train,12,0,1.2039612731397296,0.32335672713975716,5,9.721625036473375,1.3943905504895946,
shah,train,13,0,1.3626526091388493,0.16999973600405882,1,2.2112206841057596,1.4870173785486704,
shah,train,14,0,1.1147079809900893,0.09618657424780772,3,7.371627125180507,1.5675487366352714,
shah,heldout,3,3,5.907967848583393,0.5199382594371577,8,64.54816636274194,2.840514177986574,
shah,heldout,8,3,1.3964763776209794,0.3406626244453887,4,20.7728890251691,2.2788642470082054,
shah,heldout,15,3,3.935287561874933,0.24063997889691466,8,41.02418097875555,2.2645137717277066,
shah,train,0,3,1.9412670661818385,0.2242794034579173,9,18.44815447635818,1.4317104951133017,
shah,train,1,3,2.5226032509804814,0.253721616214017,8,53.716201938847504,2.591240097396599,
shah,train,2,3,3.8732784017128576,0.10674112247560819,4,26.20764847485269,2.5596703144571515,
shah,train,4,3,2.2259504956826808,0.20539127652835298,7,48.64641470981406,2.636188122211259,
shah,train,6,3,3.791963242491264,0.13248157448085174,7,49.28861480769463,2.65353173842212,
shah,train,7,3,1.6066877424498316,0.02865736814391447,1,6.913106637592321,2.6292787295363573,
shah,train,10,3,1.9661543854483632,0.21999025627331653,6,41.999046727554834,2.645721285634437,
shah,train,12,3,3.0309056600580107,0.11592228333324456,12,76.77765600936885,2.529454091455454,
shah,train,13,3,1.0350087203826963,0.14237090315777426,10,21.071733405533738,1.4516106022461306,
shah,train,14,3,1.6484275583398522,0.279213375122607,6,11.517414258683583,1.3854851291565458,
tsai,heldout,3,0,0.7312259142259606,0.08677092912676218,5,7.463744242894062,1.2217810149854238,
tsai,heldout,8,0,0.9361774615813448,0.17998336571236712,11,12.00640068188343,1.044744452524306,
tsai,heldout,15,0,1.4937135464402247,0.24135719286108231,12,22.000565271252995,1.3540237956812586,
tsai,train,0,0,2.4141695685488127,0.13997343071769092,16,400.5481990857714,5.003425071174816,
tsai,train,1,0,2.1223373853861114,0.28305804069707896,12,184.12697405677233,3.9171309021694727,
tsai,train,2,0,3.313805181692604,0.4038040827617369,14,333.5272669451765,4.880919607038181,
tsai,train,4,0,1.4065370368329486,0.06432282625632389,16,31.887115159460706,1.4117169324855086,
tsai,train,6,0,2.191598807232884,0.2713166642518553,9,50.33966947998775,2.365015139251233,
tsai,train,7,0,0.9954994379981185,0.13121118628706147,11,10.332200212855629,0.9691702267617495,
tsai,train,10,0,1.4173235511212365,0.14796737546245822,3,2.7634946438461365,0.959773348912151,
tsai,train,12,0,1.1464293204514702,0.28506265937800523,5,11.642423612244187,1.5259373258587121,
tsai,train,13,0,1.5037917557519445,0.19706463830304724,1,3.470008312384979,1.8627958321794096,
tsai,train,14,0,1.1967363114092517,0.1201248183419051,3,8.361359579927413,1.6694669388687529,
tsai,heldout,3,3,5.809318138247511,0.5332850387416128,8,35.79097334089081,2.1151528709791525,
tsai,heldout,8,3,0.8707808855702018,0.3363738719035207,4,10.70605829922725,1.6360056768870983,
tsai,heldout,15,3,3.8447425592975404,0.22094798556556272,8,50.18730637096837,2.5046782820096967,
tsai,train,0,3,2.168765099225331,0.16560762812574176,9,23.83339163993568,1.6273151589841226,
tsai,train,1,3,2.1186171522664465,0.24806281086601178,8,31.26997691143563,1.9770551620856343,
tsai,train,2,3,3.521613670238574,0.11690595537255348,4,13.368401688496224,1.8281412478591625,
tsai,train,4,3,2.024207105994334,0.2629437903089739,7,29.041364565661745,2.0368520728131205,
tsai,train,6,3,4.236927076534125,0.23663549311270918,7,45.5307236465779,2.550370383369496,
tsai,train,7,3,1.0265126220032896,0.08330809476872122,1,3.5239055065698204,1.8772068363847976,
tsai,train,10,3,1.541530950373061,0.23158735861878935,6,30.092121048793494,2.239498494782314,
tsai,train,12,3,2.3827577042601096,0.15307253841983548,12,82.60602472785801,2.6237064229803164,
tsai,train,13,3,0.9943103679501374,0.12438902264650098,10,21.595863613611392,1.4695531162095297,
tsai,train,14,3,1.5299036658746672,0.2615307641604706,6,11.625375419578168,1.3919635663082905,
park,heldout,3,0,0.6862531754759927,0.11935128597384277,5,8.61102758883374,1.3123282812493025,
park,heldout,8,0,1.1077783698746775,0.16661706249886124,11,17.884371448451855,1.2750889968387538,
park,heldout,15,0,1.3750120189153827,0.2078368303102228,12,17.54299787008847,1.2090973861414305,
park,train,0,0,2.212191485563982,0.13970477835080192,16,335.92062378916944,4.582034372069145,
park,train,1,0,2.1444746756890316,0.27162781556942694,12,191.51017676049372,3.9948944162152533,
park,train,2,0,3.326180239053493,0.42359801387164414,14,330.2816920142344,4.8571132815272255,
park,train,4,0,1.3490613235200275,0.04963244958085063,16,31.974780641233,1.4136561781695938,
park,train,6,0,2.2185980919593575,0.1819618166343857,9,54.336343340095084,2.4571063229402155,
park,train,7,0,1.0903071931745927,0.11536707924951906,11,16.8925098538341,1.2392266596490402,
park,train,10,0,1.5694842961812372,0.15701312628687272,3,4.380252600218842,1.2083394390952187,
park,train,12,0,1.139055409338118,0.3236170668293795,5,8.2157962410249,1.2818577332157342,
park,train,13,0,1.3637245077130786,0.16914715023617655,1,2.2569077555233537,1.5023008205826667,
park,train,14,0,1.1222948842059253,0.09533564960138365,3,7.510504957117192,1.5822457623177246,
park,heldout,3,3,5.9460190408246465,0.5195428202726743,8,54.7772547884194,2.616707253124129,
park,heldout,8,3,1.1616474791908007,0.34025152131453085,4,16.136771486930854,2.008530027590505,
park,heldout,15,3,3.950618544643916,0.2409484126699002,8,63.228078326809324,2.811318158951627,
park,train,0,3,2.357281735180465,0.2227379801069826,9,41.52441536015632,2.1479813613963827,
park,train,1,3,2.5373464308671374,0.2536235637675426,8,50.954107834236126,2.52373997853969,
park,train,2,3,3.882657198569695,0.10653327566725251,4,21.560251903148693,2.3216509160050682,
park,train,4,3,2.22230053404063,0.20536356055564464,7,43.45821247797971,2.491649266707258,
park,train,6,3,3.704524010360167,0.13287965784321282,7,39.358583330456085,2.371213773891702,
park,train,7,3,1.357165367704969,0.029233529625459536,1,5.265374892345195,2.2946404712601915,
park,train,10,3,1.854717011660713,0.22036132248694598,6,36.85473074660525,2.47839769295289,
park,train,12,3,2.963568396794444,0.11590712645430158,12,70.47768978162969,2.423456377807492,
park,train,13,3,1.3047244400665492,0.14286361576039658,10,36.284926557030566,1.904860271963027,
park,train,14,3,1.7739334081064502,0.27986223237548413,6,20.389876517290606,1.8434513155713572,
horaud,heldout,3,0,0.691519421086243,0.11890645371758074,5,8.755449646230508,1.3232875459423403,
horaud,heldout,8,0,1.1065630915499451,0.16611375537379205,11,17.859593188669727,1.2742053919161374,
horaud,heldout,15,0,1.3810272839345221,0.20746534025173707,12,17.854203650903834,1.2197746940488585,
horaud,train,0,0,2.2211928890230612,0.14154066864976372,16,338.4310224217672,4.599123710160496,
horaud,train,1,0,2.145757947751123,0.2716009239722916,12,191.79336195351576,3.9978469408911814,
horaud,train,2,0,3.323271473051293,0.4231521539863181,14,329.54902759476795,4.851723019378697,
horaud,train,4,0,1.3524410616541362,0.04965504758286159,16,32.377833981562844,1.422538092230812,
horaud,train,6,0,2.2161187267525015,0.181442195593045,9,54.205713870250506,2.454150993051263,
horaud,train,7,0,1.0908004517450514,0.11487713582922539,11,16.890323284409526,1.2391464541959196,
horaud,train,10,0,1.5679934959103596,0.15664501885652746,3,4.37007157867804,1.2069343504209387,
horaud,train,12,0,1.1325888246914495,0.3233541163507729,5,8.06836984899791,1.2703046759732808,
horaud,train,13,0,1.3699972939917962,0.1700027966270021,1,2.2822115436155936,1.510699024827776,
horaud,train,14,0,1.1248983378272988,0.09618958345620542,3,7.593685733486504,1.5909835253165994,
horaud,heldout,3,3,5.94875268520663,0.5199381745943521,8,55.06243296996625,2.623509885867744,
horaud,heldout,8,3,1.164837493382385,0.34066254362056886,4,16.21037150103208,2.013105281712315,
horaud,heldout,15,3,3.950940546414071,0.24063998206601753,8,63.41843440005417,2.815546891814585,
horaud,train,0,3,2.357306878635011,0.22427878961763725,9,41.661103311497776,2.151513764551672,
horaud,train,1,3,2.5413162243048175,0.25372149529884597,8,51.185605437196415,2.5294664812267333,
horaud,train,2,3,3.886944922816125,0.10674103457844528,4,21.670272588723147,2.3275670016523233,
horaud,train,4,3,2.225609146030907,0.205391475106413,7,43.665879960317184,2.4975954138879026,
horaud,train,6,3,3.7012058903071368,0.13248188439808706,7,39.37673566071295,2.3717605173226115,
horaud,train,7,3,1.3609841463772459,0.028657614756647805,1,5.290165005617792,2.3000358705067603,
horaud,train,10,3,1.857219372952297,0.21999031797210125,6,36.92437258191087,2.480738216133485,
horaud,train,12,3,2.9675691393354118,0.11592245284056385,12,70.25355805636558,2.419599795702545,
horaud,train,13,3,1.307774593881851,0.1423710300518059,10,36.4494503401175,1.9091739140297697,
horaud,train,14,3,1.7760006659356964,0.2792135095383237,6,20.490730885095495,1.8480048198483094,
andreff,heldout,3,0,1.0846871225129762,0.11798452986910583,5,4.5638383484485665,0.9553887531731329,
andreff,heldout,8,0,1.3472832212121855,0.1671634543419251,11,72.55359974261069,2.5682254174395966,
andreff,heldout,15,0,2.778669738826882,0.2066947986260363,12,210.6985954603714,4.19025253276748,
andreff,train,0,0,3.7431408897878184,0.1406343224084547,16,1014.8768463555023,7.96428294934446,
andreff,train,1,0,1.721293882201717,0.27196989594793314,12,112.58789398463124,3.063058030583043,
andreff,train,2,0,3.518497897943134,0.4224163971678878,14,317.34093456605507,4.7610093060044605,
andreff,train,4,0,1.0852878560099446,0.05005226725092247,16,11.873625099993308,0.8614531726969156,
andreff,train,6,0,2.8343816448819608,0.18400946474925156,9,212.25342234984234,4.856306579534175,
andreff,train,7,0,1.3420380645222132,0.11594789004629003,11,81.21471783175559,2.7171963798230037,
andreff,train,10,0,1.6031471878458383,0.1564334021735785,3,5.436182399765993,1.3461280770870199,
andreff,train,12,0,1.3427609080317107,0.3218349843083466,5,21.034717116928213,2.0510834754796408,
andreff,train,13,0,2.458835035298196,0.17095082610914053,1,13.778172620786334,3.71189609509565,
andreff,train,14,0,1.9902917386195573,0.09727586849285472,3,47.50991511004611,3.9795274053605123,
andreff,heldout,3,3,5.882011366601907,0.5208089212470298,8,53.271008525483104,2.580479813074574,
andreff,heldout,8,3,1.1592131564530104,0.3375280630467011,4,15.810043873563115,1.9880922937305447,
andreff,heldout,15,3,3.9260322884370313,0.23742680776443728,8,53.40236118971871,2.583659255535613,
andreff,train,0,3,2.1981673896467826,0.20823334358092752,9,29.707613254505116,1.8168230285768714,
andreff,train,1,3,2.4436620742387696,0.2514666626167435,8,47.00802592126624,2.424046872516759,
andreff,train,2,3,3.787461501823107,0.10644055023369817,4,21.049169517326593,2.2939686962405674,
andreff,train,4,3,2.1751859396714397,0.2145075717887069,7,42.22892174377298,2.456156164874962,
andreff,train,6,3,3.811066314326587,0.14695495679017304,7,41.613755243183554,2.438200602411059,
andreff,train,7,3,1.3485852167499892,0.036093757401931756,1,5.180851891355649,2.276148477440707,
andreff,train,10,3,1.8189577957700551,0.2207946316744036,6,36.193938823130445,2.4560788133096234,
andreff,train,12,3,2.8709544938386027,0.12408790444373177,12,74.25668768464462,2.4875806131769314,
andreff,train,13,3,1.1657570555259535,0.14309666574084448,10,28.187147745761454,1.6789028484626933,
andreff,train,14,3,1.6896104723875214,0.2780249953257496,6,15.675150432836032,1.616330743424544,
daniilidis,heldout,3,0,0.6653365403414956,0.09142710899847639,5,14.72466502644955,1.7160807105989828,
daniilidis,heldout,8,0,0.7525938691515512,0.16184863660483598,11,8.922288263099063,0.9006204055134369,
daniilidis,heldout,15,0,1.1660717611800508,0.23295633903400045,12,33.3318333457753,1.6666291665558384,
daniilidis,train,0,0,1.7746242802951928,0.17219904113481085,16,200.7899094433805,3.5425089047469283,
daniilidis,train,1,0,1.9752246972310015,0.2775610679069318,12,150.77146710377247,3.5446140728313953,
daniilidis,train,2,0,3.6473712567180723,0.40486118131418214,14,480.6925905139719,5.859623284539056,
daniilidis,train,4,0,1.8586052767263463,0.05003163885489851,16,124.16364994904643,2.78571860061554,
daniilidis,train,6,0,3.00335117218267,0.22146251312915385,9,269.0399242722371,5.467478844873335,
daniilidis,train,7,0,0.9069689684158715,0.11204068932252963,11,11.234810630071907,1.0106168516879321,
daniilidis,train,10,0,1.4263150855995679,0.14497935876775347,3,3.107873656016003,1.0178201635547743,
daniilidis,train,12,0,1.7367796643129554,0.2978179893007321,5,32.59860471860529,2.553374422939389,
daniilidis,train,13,0,1.1818104748707934,0.1996863608524224,1,2.3246420370866585,1.5246776830158755,
daniilidis,train,14,0,1.1251839921981417,0.12279437848200311,3,4.242223265604459,1.1891486121877926,
daniilidis,heldout,3,3,6.535510861039665,0.5390271089126388,8,17.69884563783985,1.487398972949081,
daniilidis,heldout,8,3,1.2734648102285084,0.3342789476308361,4,17.183795819209642,2.072667111429718,
daniilidis,heldout,15,3,3.9940500139273816,0.2224907439401259,8,196.77988792640687,4.959585263991421,
daniilidis,train,0,3,1.4402631033262119,0.16788083709438714,9,37.048459362542985,2.0289148539864845,
daniilidis,train,1,3,2.2667052583637615,0.24439664815303544,8,55.559823975805834,2.635332616004236,
daniilidis,train,2,3,4.144068070131253,0.12113467122811188,4,5.166331977429694,1.1364783299110561,
daniilidis,train,4,3,2.400781298491061,0.2730539329508749,7,19.435124338475717,1.6662671856782032,
daniilidis,train,6,3,5.494053949838797,0.2599913945420388,7,262.2457580722217,6.120758100480944,
daniilidis,train,7,3,1.5740391917682532,0.07331971183139924,1,6.928927706143819,2.6322856429619903,
daniilidis,train,10,3,1.340594927889806,0.2201339201156725,6,27.980533617871224,2.1594958369131447,
daniilidis,train,12,3,2.4251674715334297,0.17439474900124097,12,125.02932005700833,3.2278646199539867,
daniilidis,train,13,3,1.911837676251467,0.1318123934070514,10,76.54993290036572,2.7667658538511297,
daniilidis,train,14,3,1.9759815902010092,0.2538335010548379,6,43.523957633382814,2.6933237716429743,
