method,split,event_id,camera,chain_translation_mm,chain_rotation_deg,camera_pose_translation_mm,camera_pose_rotation_deg,corner_count,pixel_sse,reprojection_rmse_px,pixel_failure
shah,prior_comparison,2,0,81.6689051543812,6.468888238682885,19.918128001662907,6.468888238682885,54,758579.4330772051,118.52327737287516,
shah,prior_comparison,2,1,87.96169592886612,23.465572457565823,333.21290459887445,23.46557245756582,14,315430.1169013972,150.10237385136213,
shah,prior_comparison,2,2,1.2637557341357268,0.0984840546542719,1.1241585685932507,0.09848405465427273,60,363.8253124971788,2.462469331440762,
shah,prior_comparison,2,3,66.42142589232677,2.030386173376974,64.17420949854836,2.0303861733769732,40,370255.6059360475,96.21013537253332,
shah,prior_comparison,5,0,81.66593948182484,6.479118333807048,19.743917234601625,6.47911833380705,45,629454.2398026477,118.27033438531572,
shah,prior_comparison,5,1,90.25696993188781,23.503938238694314,332.69419073787384,23.503938238694317,12,281218.39552134194,153.08450703270125,
shah,prior_comparison,5,2,5.953939041137836,1.1136561818532777,10.178200357556982,1.113656181853279,58,1863.216970677304,5.667841787569501,
shah,prior_comparison,5,3,66.33308450523589,2.050555855145554,63.600373587356025,2.050555855145553,37,348228.4910423296,97.01330238159034,
shah,prior_comparison,9,0,81.65456217766881,6.476830893655924,19.681783540953766,6.476830893655923,46,646155.2166608506,118.51941839253789,
shah,prior_comparison,9,1,89.34311757137894,23.348596779003284,331.51080791043364,23.34859677900328,14,327451.98387394426,152.93602394324054,
shah,prior_comparison,9,2,1.2373409935159028,0.346841226829375,2.769441773370119,0.34684122682937546,60,73.18339661515006,1.1044108279617544,
shah,prior_comparison,9,3,66.61796493160122,2.019827321042461,64.66554407042827,2.019827321042461,39,361270.2588314127,96.24624652440335,
shah,prior_comparison,12,0,81.75849566567283,6.495440545013152,19.638103848260112,6.495440545013152,46,646354.4753906027,118.53769125312758,
shah,prior_comparison,12,1,88.68453447675068,23.29662005649797,331.1282687982589,23.296620056497964,20,486178.3084403651,155.91316628822037,
shah,prior_comparison,12,2,1.8179288290705564,0.26465611967639374,1.9623489055197374,0.2646561196763938,60,139.4356907654835,1.5244435638700191,
shah,prior_comparison,12,3,66.4469316711476,2.003343644837759,64.11131364721697,2.0033436448377566,36,332771.5728562529,96.14392753347754,
tsai,prior_comparison,2,0,86.94667636749584,8.060718944102115,14.211116518592418,8.060718944102115,54,814793.0624555926,122.83631554163576,
tsai,prior_comparison,2,1,87.28527876997535,24.935054556041298,353.0332152280152,24.935054556041305,14,359081.76138761896,160.15210657987856,
tsai,prior_comparison,2,2,3.1114528355036906,0.1387482136171371,3.137004743612629,0.13874821361713816,60,2612.999448984275,6.599241684951733,
tsai,prior_comparison,2,3,63.0096490371103,3.4224652466649546,67.09228804882918,3.4224652466649546,40,405282.4137443449,100.65813600305056,
tsai,prior_comparison,5,0,86.94084964362627,8.070516708718797,14.058062669909086,8.070516708718799,45,673374.020438436,122.32688633679079,
tsai,prior_comparison,5,1,89.54961395738034,24.971978995853622,352.452927392123,24.97197899585362,12,320147.83095443057,163.33703166419187,
tsai,prior_comparison,5,2,9.248884982915047,1.3380059308067704,6.237031866182978,1.338005930806771,58,13733.274517424476,15.387676729383426,
tsai,prior_comparison,5,3,62.90970305880487,3.423196088341562,66.48384765889885,3.4231960883415606,37,379075.1310550422,101.21893998802021,
tsai,prior_comparison,9,0,86.92948930537251,8.068277390413074,14.005104825897588,8.068277390413074,46,691852.0876486994,122.63874907618606,
tsai,prior_comparison,9,1,88.65627470301176,24.818684764011163,351.3070906655286,24.818684764011167,14,373580.00864751986,163.3532562637357,
tsai,prior_comparison,9,2,2.3962424069006003,0.9519537022102466,5.866528462262673,0.951953702210247,60,1493.0803911968578,4.988453987621245,
tsai,prior_comparison,9,3,63.086010047805686,3.4022627991050927,67.40433103691545,3.4022627991050944,39,392104.2999718272,100.2694191143742,
tsai,prior_comparison,12,0,87.03220530691901,8.086801711512072,13.987803976800217,8.086801711512074,46,691706.9347288951,122.6258833881131,
tsai,prior_comparison,12,1,88.00888236573168,24.76551001384866,350.9363231047318,24.76551001384866,20,554214.0044480752,166.4653123698861,
tsai,prior_comparison,12,2,1.3970432157665964,0.45561482783173607,2.6371363097828295,0.4556148278317335,60,144.12144354743833,1.54984646308077,
tsai,prior_comparison,12,3,62.961161416941415,3.3996154606194584,66.96659602729065,3.3996154606194597,36,367613.9774624135,101.05196373131959,
park,prior_comparison,2,0,83.15020580045979,6.463723293991526,20.79875869315659,6.463723293991526,54,787378.3709156079,120.75214674233179,
park,prior_comparison,2,1,86.03338316281467,23.49474137893399,335.8913172535395,23.49474137893399,14,343819.82240589283,156.71170582722294,
park,prior_comparison,2,2,0.9079500536936717,0.09893187719558859,0.7162432525090444,0.0989318771955873,60,223.9410640323183,1.9319293639274975,
park,prior_comparison,2,3,68.59107553284323,1.997935903298391,66.58308089666146,1.9979359032983908,40,507050.61887927284,112.58892251008453,
park,prior_comparison,5,0,83.14653605787713,6.473942725972217,20.630092152343867,6.473942725972216,45,653961.0629946465,120.55068671122409,
park,prior_comparison,5,1,88.24797078046048,23.53311296210855,335.3430561674393,23.533112962108547,12,306396.40799095394,159.79059421394666,
park,prior_comparison,5,2,5.775902526605748,1.1136891702749425,9.60310603265249,1.1136891702749416,58,1813.2920845907543,5.591391296526749,
park,prior_comparison,5,3,68.49604466859567,2.0188573495306272,65.9768003706473,2.0188573495306272,37,474232.0878993024,113.2125587412364,
park,prior_comparison,9,0,83.13481989406394,6.471658828964889,20.572311573608218,6.471658828964889,46,671104.7083976768,120.78589649149376,
park,prior_comparison,9,1,87.37947629491309,23.377748834831216,334.1747833057216,23.377748834831213,14,356112.8696084138,159.48866274271074,
park,prior_comparison,9,2,1.1752090186153057,0.3475504221789125,2.7749916110959276,0.34755042217891674,60,91.3721976654891,1.2340461746188773,
park,prior_comparison,9,3,68.68791655849257,1.9920786019678174,66.89552126069528,1.9920786019678174,39,491823.55032784154,112.2980866480656,
park,prior_comparison,12,0,83.23891092879303,6.490266026393765,20.52400937930092,6.4902660263937655,46,671351.9032329894,120.80813959341278,
park,prior_comparison,12,1,86.74987394880156,23.325791768681775,333.7990829837677,23.32579176868177,20,528610.1371742142,162.57461935588444,
park,prior_comparison,12,2,1.4487150329156084,0.2646697651148473,1.9394424892650357,0.2646697651148474,60,67.68593472694016,1.0621200083397682,
park,prior_comparison,12,3,68.57773556595988,1.9696238100674706,66.490669127201,1.969623810067471,36,458414.4725174437,112.84385383221706,
horaud,prior_comparison,2,0,83.12689589965105,6.468880870900804,20.744861159536953,6.468880870900803,54,786719.2746593533,120.70159674442874,
horaud,prior_comparison,2,1,86.00828131102703,23.46559386296415,335.5744182252536,23.465593862964152,14,343503.0982569593,156.63950839358122,
horaud,prior_comparison,2,2,0.9018408882318718,0.09848469439404,0.7133999809441272,0.09848469439403883,60,220.0067783484355,1.9148837142606314,
horaud,prior_comparison,2,3,68.0882082482602,2.0380364266569635,66.55077738134672,2.0380364266569644,40,498449.6484948795,111.62992973379491,
horaud,prior_comparison,5,0,83.12323196125672,6.479110972432143,20.576418191349575,6.479110972432143,45,653385.2909615163,120.49760633505606,
horaud,prior_comparison,5,1,88.2217352303268,23.503959614604987,335.02722823279174,23.503959614604987,12,306110.6332772374,159.71605880364623,
horaud,prior_comparison,5,2,5.770168283985472,1.1136593779685706,9.611911916904297,1.1136593779685726,58,1793.1430374606668,5.560239137533855,
horaud,prior_comparison,5,3,67.99293448821763,2.057972316125716,65.94638564943448,2.057972316125715,37,466232.2724723904,112.25360675267198,
horaud,prior_comparison,9,0,83.11151740013067,6.476823539880345,20.518853466075033,6.476823539880346,46,670522.3617726616,120.7334795407404,
horaud,prior_comparison,9,1,87.35387258234059,23.34861817501618,333.85864217258336,23.348618175016185,14,355758.2866364069,159.40924122620615,
horaud,prior_comparison,9,2,1.1861810737145821,0.3468393244155402,2.774100603787067,0.34683932441554216,60,92.90001495987202,1.2443205305163674,
horaud,prior_comparison,9,3,68.1850070436334,2.0277155646317673,66.85476899290711,2.0277155646317686,39,483457.67950081336,111.33890046354469,
horaud,prior_comparison,12,0,83.21560878525479,6.495433188326687,20.470398556068147,6.495433188326687,46,670766.7280970225,120.75547769527283,
horaud,prior_comparison,12,1,86.72467390850379,23.29664144860864,333.4825699720588,23.296641448608636,20,528085.800867043,162.493969252253,
horaud,prior_comparison,12,2,1.4456126498085802,0.2646554626022335,1.9405300125255773,0.2646554626022334,60,66.92566018809723,1.056138092202729,
horaud,prior_comparison,12,3,68.07404940237733,2.01089994265714,66.4597020469937,2.0108999426571392,36,450676.10955159995,111.88735773481191,
andreff,prior_comparison,2,0,87.76641430093896,6.442073984930364,27.3368940193846,6.442073984930363,54,830962.0422340665,124.0491272331149,
andreff,prior_comparison,2,1,65.69923684139553,23.36252838069927,329.50019759745174,23.362528380699278,14,392252.60471284896,167.38591097752203,
andreff,prior_comparison,2,2,0.5223520246237465,0.1013584555549699,0.8296823712479449,0.1013584555549713,60,13.561861365639643,0.4754272002743014,
andreff,prior_comparison,2,3,245.44046903878217,2.427031029961623,242.8603062052692,2.4270310299616225,40,6786791.251834556,411.90991890929735,
andreff,prior_comparison,5,0,87.75591804975605,6.45231266734463,27.201514293198663,6.452312667344629,45,694581.1748452203,124.23822768690269,
andreff,prior_comparison,5,1,67.50961966233183,23.40085867688113,328.81433693917734,23.40085867688113,12,349373.7278028821,170.62964958326216,
andreff,prior_comparison,5,2,4.919818305059975,1.1113791013651368,9.858811440867157,1.1113791013651373,58,917.2155160931628,3.9766896562713954,
andreff,prior_comparison,5,3,245.46364363155146,2.4363087283311637,243.0909717470602,2.4363087283311633,37,6405299.439966639,416.072350775895,
andreff,prior_comparison,9,0,87.74483626312802,6.450022130770437,27.172886965995588,6.450022130770437,46,710926.7803391556,124.31785876282196,
andreff,prior_comparison,9,1,66.85868063237008,23.245546920731506,327.7359984783765,23.245546920731506,14,403384.77477127267,169.74450859438147,
andreff,prior_comparison,9,2,0.5789402390970307,0.344567457051608,1.5302709908126946,0.34456745705160535,60,191.67535115820405,1.7873413736525172,
andreff,prior_comparison,9,3,245.27706753054338,2.423369264418328,242.8337203651098,2.423369264418328,39,6578181.383094271,410.6961376921357,
andreff,prior_comparison,12,0,87.84482138050622,6.468633821167375,27.112274129249478,6.468633821167374,46,711788.4349219191,124.39317356164435,
andreff,prior_comparison,12,1,66.36680176406223,23.193559377702883,327.3878427213118,23.193559377702883,20,599424.0024081222,173.12192270306528,
andreff,prior_comparison,12,2,1.7953428156283269,0.26451189388000207,2.8085057030379885,0.26451189388000235,60,42.493578323187506,0.8415618250529538,
andreff,prior_comparison,12,3,245.32387761885116,2.397321734293435,242.73616388701492,2.397321734293435,36,6135888.035659182,412.84541213857057,
daniilidis,prior_comparison,2,0,83.22170739845691,6.314143994412217,21.222943862442648,6.314143994412216,54,803975.2968045322,122.01816021521613,
daniilidis,prior_comparison,2,1,86.15606430236983,23.236544666017945,329.4922314510593,23.23654466601795,14,308824.2983771398,148.52231635518612,
daniilidis,prior_comparison,2,2,1.3486443610990577,0.06946403326727606,1.486211244163047,0.06946403326727635,60,285.15184475510216,2.1800299873897075,
daniilidis,prior_comparison,2,3,68.33102429821693,1.8411412671853207,68.23882308493636,1.8411412671853218,40,470672.31845449854,108.4749185819582,
daniilidis,prior_comparison,5,0,83.21917828267736,6.324448052492482,21.05319525307882,6.324448052492483,45,667751.9428071245,121.81515530663886,
daniilidis,prior_comparison,5,1,88.44757840309634,23.274524629066406,328.9785065275937,23.274524629066402,12,275371.25705515675,151.48466838131307,
daniilidis,prior_comparison,5,2,5.6507223529242046,1.2212628504590377,11.267842056501634,1.2212628504590384,58,704.8072163527839,3.4859501657090024,
daniilidis,prior_comparison,5,3,68.23403412958916,1.8514199576970862,67.61777441121367,1.8514199576970867,37,441423.7257275967,109.22623753297887,
daniilidis,prior_comparison,9,0,83.20710068353118,6.322389279344128,20.991422891182303,6.322389279344128,46,685384.9754120767,122.06421825630723,
daniilidis,prior_comparison,9,1,87.5378259002387,23.119347823690426,327.7959131713698,23.11934782369043,14,320499.41313273914,151.30371847303383,
daniilidis,prior_comparison,9,2,1.9510456632888866,0.341953707044602,3.014357701790148,0.3419537070446003,60,301.6891407259091,2.242354197140099,
daniilidis,prior_comparison,9,3,68.47898516231112,1.8440774681782683,68.713711360927,1.8440774681782683,39,457798.80194608145,108.34403914904729,
daniilidis,prior_comparison,12,0,83.31208304922939,6.3408967502848155,20.94459298238041,6.340896750284817,46,685577.8581832292,122.08139285838818,
daniilidis,prior_comparison,12,1,86.88071723635574,23.067416662305362,327.41047893283564,23.067416662305362,20,475977.6916675621,154.26887107701964,
daniilidis,prior_comparison,12,2,1.1567344141254163,0.23980927724091114,1.1387439236675732,0.23980927724090964,60,166.78520205704075,1.6672592382762033,
daniilidis,prior_comparison,12,3,68.32471789748769,1.809739931706697,68.13080244789208,1.809739931706697,36,424251.32484469074,108.55762996428962,
