method,trial,noise_sigma_mm,status,calibration_pose_count,heldout_pose_count,heldout_translation_error_mm,heldout_rotation_error_deg,camera_pose_translation_error_mm,camera_pose_rotation_error_deg,pairwise_registration_translation_error_mm,pairwise_registration_rotation_error_deg,heldout_reprojection_rmse_px,cam0_camera_pose_translation_error_mm,cam0_camera_pose_rotation_error_deg,cam0_heldout_translation_error_mm,cam0_heldout_rotation_error_deg,cam0_heldout_reprojection_rmse_px,cam1_camera_pose_translation_error_mm,cam1_camera_pose_rotation_error_deg,cam1_heldout_translation_error_mm,cam1_heldout_rotation_error_deg,cam1_heldout_reprojection_rmse_px,cam3_camera_pose_translation_error_mm,cam3_camera_pose_rotation_error_deg,cam3_heldout_translation_error_mm,cam3_heldout_rotation_error_deg,cam3_heldout_reprojection_rmse_px,wrist_camera_pose_translation_error_mm,wrist_camera_pose_rotation_error_deg,wrist_heldout_translation_error_mm,wrist_heldout_rotation_error_deg,wrist_heldout_reprojection_rmse_px
tsai,0,0.0,ok,10,4,3.635427907876276e-06,1.0194742941662941e-07,4.580953101390789e-06,8.605894530747405e-08,2.9406631731429404e-06,8.872327302319046e-08,1.9336536888083023e-06,6.101038136259645e-06,1.1518416918024255e-07,4.825166188751368e-06,1.3529117828745495e-07,1.915910871306585e-06,6.2897607271056875e-06,1.1622735937780987e-07,5.101239091653403e-06,1.3810179887517825e-07,2.4611770254279094e-06,5.933013388912644e-06,1.1282422936397063e-07,4.6153060048340605e-06,1.3439671476368118e-07,2.286473165310004e-06,1.5328517645723045e-13,2.3307873139066432e-14,3.462662730582246e-13,2.574020332687342e-14,3.740632420075751e-13
tsai,0,1.0,ok,10,4,1.2454247757015824,0.28036812970347325,1.9332809452983528,0.1736112545903725,1.9490973258444695,0.20722167022635776,2.5417155110523777,1.8523041084499459,0.12634526389785586,0.8722365937443881,0.2720957466342257,1.851458279085132,0.8885502138779395,0.16583229882675704,0.6926239461245067,0.1996395341945503,2.1503772519079973,3.9727126540951017,0.26556485624983917,2.7910400037498215,0.3901757918518418,2.3060927820834656,1.0195568047704247,0.1367025993870379,0.6257985591876131,0.2595614461332753,3.53145677478902
tsai,0,3.0,ok,10,4,4.27509381343111,0.913594524063565,6.295862034715825,0.6152528378423873,5.1284529431167885,0.7357933933732411,7.670368948638749,5.795745692002862,0.40106945629104257,2.6766083626865793,0.8296362989603272,5.5666070580323606,4.856424661575872,0.8953116010255828,3.9688661152890967,0.9192837474718838,6.6278927820550795,11.482843783226613,0.7624386246569125,8.563646305936128,1.1326890818227868,6.933732180315574,3.048434002057955,0.40219166939601114,1.8912544698126355,0.7727689679992624,10.599316978733523
tsai,0,5.0,ok,10,4,7.982553368412776,1.6433595679552921,11.239525655640724,1.1623198837336315,9.119058133155889,1.4607160599256666,12.871732404444602,10.069613660240337,0.710777300716631,4.598085866135124,1.408644280547632,9.304310377782382,11.458237063485852,2.065647280905274,9.547972596582085,2.062263223554974,11.58298338441536,18.367290934396078,1.21598817033332,14.609680384933995,1.8244474108374125,11.586243243854629,5.0629609644406255,0.6568667829793011,3.1744746259998964,1.27808335688115,17.559717478730597
tsai,1,0.0,ok,10,4,3.635427907876276e-06,1.0194742941662941e-07,4.580953101390789e-06,8.605894530747405e-08,2.9406631731429404e-06,8.872327302319046e-08,1.9336536888083023e-06,6.101038136259645e-06,1.1518416918024255e-07,4.825166188751368e-06,1.3529117828745495e-07,1.915910871306585e-06,6.2897607271056875e-06,1.1622735937780987e-07,5.101239091653403e-06,1.3810179887517825e-07,2.4611770254279094e-06,5.933013388912644e-06,1.1282422936397063e-07,4.6153060048340605e-06,1.3439671476368118e-07,2.286473165310004e-06,1.5328517645723045e-13,2.3307873139066432e-14,3.462662730582246e-13,2.574020332687342e-14,3.740632420075751e-13
tsai,1,1.0,ok,10,4,1.5811061593367681,0.28879052437690067,2.6984427892668146,0.2536952946851509,3.607528025184991,0.33931552245886226,2.556076892589372,3.823041185919861,0.28580754710303047,1.4583879191482179,0.32261576404544073,1.96420107223331,1.4430288998754233,0.25901951053476185,1.5056737470821555,0.27361991739681213,2.0698433099372098,2.4819157279030573,0.2698186184315086,0.7259356755060715,0.27331784446727114,1.9686303345491718,3.0457853433689164,0.20013550267130276,2.6344272956106276,0.2856085715980786,3.7571629921199676
tsai,1,3.0,ok,10,4,4.989509619555782,0.9299219777132179,8.029877879854022,0.8433915149826137,11.231187880432566,1.185917068340108,7.744813546646971,11.296930882809008,0.8338204295853854,4.149688372719806,0.9460991875479967,5.838286689484105,4.484982071920105,1.1406220920076486,5.7147744796366755,1.1002590740153138,6.62798313279114,7.180508650727114,0.787047880523022,2.1861372093290474,0.8100481098527087,5.894308141875378,9.15708991395986,0.6120756578143987,7.9074384165376,0.8632815394368526,11.276964447082213
tsai,1,5.0,ok,10,4,8.907839458283856,1.6818035645001084,13.847460957539333,1.5432826789016958,20.651602786766603,2.2471531146217045,13.104576092484786,18.54381312906191,1.353036820724555,6.5422410840234715,1.543308029832632,9.642887105465125,10.03464190586498,2.505765393460784,12.241644300621116,2.398793585590693,12.006691611207227,11.521596190873607,1.274934784432401,3.6664413664685362,1.335327189163801,9.805372334991947,15.289792604356835,1.0393937169890433,13.181031082022297,1.4497854534133063,18.8050104081782
tsai,2,0.0,ok,10,4,3.635427907876276e-06,1.0194742941662941e-07,4.580953101390789e-06,8.605894530747405e-08,2.9406631731429404e-06,8.872327302319046e-08,1.9336536888083023e-06,6.101038136259645e-06,1.1518416918024255e-07,4.825166188751368e-06,1.3529117828745495e-07,1.915910871306585e-06,6.2897607271056875e-06,1.1622735937780987e-07,5.101239091653403e-06,1.3810179887517825e-07,2.4611770254279094e-06,5.933013388912644e-06,1.1282422936397063e-07,4.6153060048340605e-06,1.3439671476368118e-07,2.286473165310004e-06,1.5328517645723045e-13,2.3307873139066432e-14,3.462662730582246e-13,2.574020332687342e-14,3.740632420075751e-13
tsai,2,1.0,ok,10,4,1.1880740803935708,0.34018512777566734,1.6100415605371683,0.23381852443183015,2.1443717542735468,0.3388819655591327,2.457923646682102,1.8431249915704844,0.20813256950914832,2.1564711677970516,0.335583810199684,1.8524675095132583,1.6150855529900128,0.22935546071623966,0.6299512691639703,0.3352569097730387,2.111703021930081,0.9603462374236844,0.08663009168306392,0.7801017834470577,0.25483588084688213,1.8322786670549822,2.021609460164491,0.4111559758188687,1.1857721011662035,0.4350639102830647,3.5940762333735354
tsai,2,3.0,ok,10,4,3.8552626028388604,1.0711193406379376,4.128933542395547,0.7448740232762492,6.425578955928341,1.1217106273948945,7.430821233108722,5.322035077758838,0.6257243452551889,6.329382788247292,1.0026962104062245,5.545882877110166,2.5026091986283516,0.8827634778079256,3.1368497716486368,1.2243038563075408,6.608593284357339,2.606797925578481,0.24229846396875535,2.3527042084962733,0.7566666040876315,5.50024694822473,6.084291967616518,1.228709806073127,3.602113642963241,1.300810691750353,10.778932146439441
tsai,2,5.0,ok,10,4,7.164481400787441,1.9007782932838215,5.996624114810048,1.3632814806067794,11.724627058406996,2.1189995568514406,12.559867637844743,8.533011924295321,1.048551454885156,10.317338341351808,1.6664950044681293,9.227705040887932,1.2174397516931652,1.9694250420698591,8.276332932891075,2.5230787056063346,11.793623244106799,4.06826684124382,0.397066357969866,3.9872487000741534,1.2542790006574607,9.175967061026768,10.16777794200789,2.038083067502237,6.077005628832726,2.1592604624033607,17.9600289328861
tsai,3,0.0,ok,10,4,3.635427907876276e-06,1.0194742941662941e-07,4.580953101390789e-06,8.605894530747405e-08,2.9406631731429404e-06,8.872327302319046e-08,1.9336536888083023e-06,6.101038136259645e-06,1.1518416918024255e-07,4.825166188751368e-06,1.3529117828745495e-07,1.915910871306585e-06,6.2897607271056875e-06,1.1622735937780987e-07,5.101239091653403e-06,1.3810179887517825e-07,2.4611770254279094e-06,5.933013388912644e-06,1.1282422936397063e-07,4.6153060048340605e-06,1.3439671476368118e-07,2.286473165310004e-06,1.5328517645723045e-13,2.3307873139066432e-14,3.462662730582246e-13,2.574020332687342e-14,3.740632420075751e-13
tsai,3,1.0,ok,10,4,1.225058233658265,0.4006944352082313,2.710210154262231,0.3082674364729152,3.114868705924833,0.3848716270515688,2.5435258840672432,1.4159718762640539,0.167384651735018,1.4124034963031185,0.31139540696700563,2.009538916741355,4.039644461248259,0.2335791271926248,2.340102998565256,0.2927375177012167,2.349521677062246,3.789375673516834,0.2745109769431566,0.7032643698833173,0.4184028727719843,1.8464089293391426,1.595848606019776,0.5575949900208614,0.44446206988136744,0.5802419433927184,3.593100470130704
tsai,3,3.0,ok,10,4,3.8841443622074436,1.271725975943736,8.719060729168147,1.0058737898017205,10.57862474650747,1.2283178947356665,7.762253279656015,4.232309179489415,0.4807734087876655,4.150842154501338,0.9265025376873909,6.00148533388258,14.307551268181463,1.045802246814347,7.850318607646599,1.165092384952524,7.639437912624947,11.531370327056571,0.8286806328537427,2.147861855417466,1.258935756094476,5.544735960618044,4.805012141945136,1.6682388707511269,1.3875548312643717,1.7363732250405528,10.765099590969523
tsai,3,5.0,ok,10,4,6.880543113059334,2.2242501526782124,15.320467982486559,1.7881422130335585,19.361642301278792,2.177979412903787,13.058800765360926,7.0590742785570475,0.7704827176299841,6.782608639214177,1.5342866188399151,9.961617767996694,26.797317583378973,2.2241452536470865,14.645657888119317,2.3789174279155336,13.700735347143599,19.381894453391755,1.3878550120043907,3.6269183710513913,2.099581342554021,9.24216315101806,8.043585614618463,2.7700858688527727,2.4669875538524506,2.8842152214033794,17.616756987926305
tsai,4,0.0,ok,10,4,3.635427907876276e-06,1.0194742941662941e-07,4.580953101390789e-06,8.605894530747405e-08,2.9406631731429404e-06,8.872327302319046e-08,1.9336536888083023e-06,6.101038136259645e-06,1.1518416918024255e-07,4.825166188751368e-06,1.3529117828745495e-07,1.915910871306585e-06,6.2897607271056875e-06,1.1622735937780987e-07,5.101239091653403e-06,1.3810179887517825e-07,2.4611770254279094e-06,5.933013388912644e-06,1.1282422936397063e-07,4.6153060048340605e-06,1.3439671476368118e-07,2.286473165310004e-06,1.5328517645723045e-13,2.3307873139066432e-14,3.462662730582246e-13,2.574020332687342e-14,3.740632420075751e-13
tsai,4,1.0,ok,10,4,1.0336647829937693,0.2969317702606665,2.1245440835225193,0.20329184639259582,2.728815730428504,0.3041505600973144,2.522017819876411,3.5241045095124433,0.31935384124398397,0.9385164299878559,0.34075728064340044,1.9867672197637885,1.5215967842899067,0.15814702670407824,0.41285611563311475,0.22964896860741607,1.9826626852924782,2.41256316125936,0.18426610240278246,1.6607386472894294,0.21601664883705457,2.0535616775845598,1.0399118790283668,0.15140041521953865,1.1225479390646766,0.4013041829547949,3.6533525236792626
tsai,4,3.0,ok,10,4,3.2801696743945827,0.9257058935151459,6.735065499710579,0.6364434267068474,8.786297691220843,0.994108337255537,7.580705623344713,10.356285746452924,0.9551168268156026,2.646481404367141,1.022574460141127,5.949348143800388,6.220176387587217,0.5850722294848256,2.1232867851644563,0.8246503865935966,6.023868119841909,7.283091486578908,0.554919523459713,5.028076931962986,0.6570853369190808,6.1779762166499195,3.0807083782232674,0.45066512706724865,3.3228335760837457,1.198513390406779,10.955330684025915
tsai,4,5.0,ok,10,4,5.969790630913254,1.628037613569199,11.861991120905255,1.1436597067593188,15.967652809510406,1.833001812157556,12.701003441483834,16.894919876600504,1.5898799797433578,4.2443681403195015,1.7073523965419208,9.901408127435179,13.239184452218398,1.3061965816971826,5.710051785182429,1.7033827004870865,10.36446806848816,12.244950428274155,0.9331499531338899,8.46283957538021,1.1127287637451433,10.326951103797937,5.068909726527963,0.7454123124628453,5.461903022770873,1.9886865935026452,18.25256018572061
tsai,5,0.0,ok,10,4,3.635427907876276e-06,1.0194742941662941e-07,4.580953101390789e-06,8.605894530747405e-08,2.9406631731429404e-06,8.872327302319046e-08,1.9336536888083023e-06,6.101038136259645e-06,1.1518416918024255e-07,4.825166188751368e-06,1.3529117828745495e-07,1.915910871306585e-06,6.2897607271056875e-06,1.1622735937780987e-07,5.101239091653403e-06,1.3810179887517825e-07,2.4611770254279094e-06,5.933013388912644e-06,1.1282422936397063e-07,4.6153060048340605e-06,1.3439671476368118e-07,2.286473165310004e-06,1.5328517645723045e-13,2.3307873139066432e-14,3.462662730582246e-13,2.574020332687342e-14,3.740632420075751e-13
tsai,5,1.0,ok,10,4,1.4121409862712975,0.19176022994278044,1.6075411295821502,0.11603095011207273,2.386985872418269,0.17069346719250963,2.4579368440867357,1.2788589174508336,0.10273974482868226,0.7983264522358764,0.18556898671006128,1.7862405257025695,1.7852745730950756,0.1638895276825574,1.9484031151871861,0.174519395523268,2.0761164298149524,0.9318097057384271,0.09377110451560136,0.8072311434320699,0.1868042908510093,1.7314865062480362,2.434221322044264,0.10372342342144993,2.0946032342300573,0.22014824668678318,3.696870832332046
tsai,5,3.0,ok,10,4,4.520245396024222,0.6407215955738053,5.2832751292475555,0.4267544992562012,8.103062714799128,0.6683252177078863,7.444489022634929,3.9421801137709918,0.3033060802222338,2.3141576624713025,0.5546417517161166,5.3510000024555655,7.078349730765255,0.788239434600165,7.00642948938518,0.778289709107893,6.560302258735702,2.8439205003161754,0.30118795038544177,2.5135568035416695,0.5676484914298143,5.201943793565672,7.268650172137799,0.31428453181696403,6.246837628698738,0.662306430041397,11.088312822465786
tsai,5,5.0,ok,10,4,8.012580215290853,1.1755300154867652,9.531914278221564,0.8320978668719625,14.982495084996986,1.353116406697431,12.55326761033755,6.74584836243374,0.49947432572524675,3.7264068778033828,0.9217136359678451,8.906913597867737,14.459591200385237,1.7632782447480204,13.629357107371893,1.71427569809924,11.581784986051474,4.8642815428297705,0.5365353743238248,4.344764118561233,0.9590516213775031,8.683090897645489,12.057936007237508,0.5291035226907584,10.349792757426902,1.1070791065024723,18.478939091495942
tsai,6,0.0,ok,10,4,3.635427907876276e-06,1.0194742941662941e-07,4.580953101390789e-06,8.605894530747405e-08,2.9406631731429404e-06,8.872327302319046e-08,1.9336536888083023e-06,6.101038136259645e-06,1.1518416918024255e-07,4.825166188751368e-06,1.3529117828745495e-07,1.915910871306585e-06,6.2897607271056875e-06,1.1622735937780987e-07,5.101239091653403e-06,1.3810179887517825e-07,2.4611770254279094e-06,5.933013388912644e-06,1.1282422936397063e-07,4.6153060048340605e-06,1.3439671476368118e-07,2.286473165310004e-06,1.5328517645723045e-13,2.3307873139066432e-14,3.462662730582246e-13,2.574020332687342e-14,3.740632420075751e-13
tsai,6,1.0,ok,10,4,1.7293465128292151,0.22947791004584128,2.185722712267688,0.1254860807264882,2.812090287204018,0.19538034926373396,2.4560274487054525,2.176081372729268,0.13688419659520268,2.1804468571553826,0.27319650549793606,1.9586784858025608,2.7168981303232935,0.1821900832821317,1.8747655025349603,0.2015306099985099,2.0538701183150634,2.2075393141456914,0.14007643193735733,1.1951703047626943,0.30171160263466834,2.018820243753046,1.6423720318724988,0.042793611091261154,1.6670033868638234,0.14147292205225084,3.4637904476076504
tsai,6,3.0,ok,10,4,5.675247220469215,0.8005516976059521,5.9555312865273295,0.4898449078732014,8.763678166144528,0.7414247176735255,7.491209246997192,6.528625365699579,0.42801662566798876,6.553288425241258,0.8280160945074264,5.89044674926546,5.88142862512909,0.9920846815735106,7.630287381147085,1.044788291784888,6.739829010491817,6.518007418658032,0.41292608520920526,3.5457593232342624,0.9049280571518938,6.047275062730997,4.894063736622615,0.12635223904210086,4.971653752254257,0.42447434697960024,10.381746974775373
tsai,6,5.0,ok,10,4,12.247436701303666,1.9280577506121732,12.292650272445417,1.4222291967136804,21.859344667739762,2.4146258907238085,13.76107593292694,10.89047622769606,0.744494573361362,10.94929771764074,1.3955576111752634,9.84479546833623,19.491002148646107,4.06083175890012,23.9617411687577,4.100831863994401,16.13617455718435,10.688276156128925,0.6763851084914329,5.842514094537217,1.5082111470472266,10.063518475093465,8.100846557310572,0.20720534610180702,8.236193824279006,0.7076303802318022,17.28867583348359
tsai,7,0.0,ok,10,4,3.635427907876276e-06,1.0194742941662941e-07,4.580953101390789e-06,8.605894530747405e-08,2.9406631731429404e-06,8.872327302319046e-08,1.9336536888083023e-06,6.101038136259645e-06,1.1518416918024255e-07,4.825166188751368e-06,1.3529117828745495e-07,1.915910871306585e-06,6.2897607271056875e-06,1.1622735937780987e-07,5.101239091653403e-06,1.3810179887517825e-07,2.4611770254279094e-06,5.933013388912644e-06,1.1282422936397063e-07,4.6153060048340605e-06,1.3439671476368118e-07,2.286473165310004e-06,1.5328517645723045e-13,2.3307873139066432e-14,3.462662730582246e-13,2.574020332687342e-14,3.740632420075751e-13
tsai,7,1.0,ok,10,4,1.2115667188887933,0.3552663834966564,2.200942229306603,0.24912031618131675,2.777361532394963,0.3045444848400732,2.4215088985086304,0.5522715738892572,0.03654733883596181,0.7983322076020339,0.2992107787371017,1.8164288599141565,1.6628175139740213,0.21212943898072634,1.6066146462341748,0.27037551594860404,2.1525764581124425,5.260933280498754,0.37537026555550673,1.8600329899554238,0.44852354884711426,1.934026135558062,1.3277465488643796,0.3724342213530722,0.5812870317635412,0.4029556904538054,3.432399317977923
tsai,7,3.0,ok,10,4,3.9645274615185864,1.100701111920117,6.880829594716688,0.8081905405745345,8.359587826653089,0.8967282896257635,7.378905407681449,1.6845929469747816,0.12900118667471255,2.5109385335268355,0.8934589479047722,5.446159499550657,6.576601998715057,0.9207355560330961,6.13997611911009,1.0125066996891772,6.986616178135992,15.324482062745446,1.077778012518703,5.502210423091079,1.297785924414761,5.789737768254435,3.937641370431468,1.1052474070716265,1.7049847703463414,1.1990528756717573,10.285837725812753
tsai,7,5.0,ok,10,4,7.127010224797981,1.8946752419207211,11.887060882983347,1.4380861720740337,14.325196889028923,1.5443128250375766,12.50384142614295,2.8795937160051186,0.24887048777401197,4.378076312437546,1.4829258432389776,9.073757602433592,13.447021344503069,1.9703222482933294,12.307169793468768,2.0344856374116986,12.529924634099121,24.735427089398673,1.7114973361649026,9.044821114470661,2.079451621488464,9.63130064815424,6.486201382026526,1.821654616063891,2.7779736788149494,1.9818378655437447,17.12571636754073
tsai,8,0.0,ok,10,4,3.635427907876276e-06,1.0194742941662941e-07,4.580953101390789e-06,8.605894530747405e-08,2.9406631731429404e-06,8.872327302319046e-08,1.9336536888083023e-06,6.101038136259645e-06,1.1518416918024255e-07,4.825166188751368e-06,1.3529117828745495e-07,1.915910871306585e-06,6.2897607271056875e-06,1.1622735937780987e-07,5.101239091653403e-06,1.3810179887517825e-07,2.4611770254279094e-06,5.933013388912644e-06,1.1282422936397063e-07,4.6153060048340605e-06,1.3439671476368118e-07,2.286473165310004e-06,1.5328517645723045e-13,2.3307873139066432e-14,3.462662730582246e-13,2.574020332687342e-14,3.740632420075751e-13
tsai,8,1.0,ok,10,4,0.9082778656683843,0.24763157693516244,1.1881383641042143,0.08016893691244564,1.8881352005104155,0.11331221452507585,2.361578696324625,1.1510170989936839,0.04001155960892131,1.471676976058973,0.22167212077365822,2.001748905934492,1.8113477741786743,0.16146250820819122,0.6574915924497982,0.3357447321722337,1.9841037517380762,0.7064444653124892,0.056601257523520944,0.5981296937031412,0.16159701251014788,1.791065829185972,1.083744117932009,0.0626004223091491,0.9058132004616248,0.27151244228461,3.3401545729484705
tsai,8,3.0,ok,10,4,2.9611373694417713,0.7498016583609411,3.2532034375990655,0.2658304345301505,6.037661027439895,0.4175542249349642,7.108711285032796,3.2833510558240517,0.12840779574946137,4.498501294356622,0.6711973688308412,6.019123386634011,4.114417461877261,0.5524443225199678,2.8265069257716924,1.0301225709584325,6.037609543814891,2.342418817586008,0.19578524702257233,1.7806306336779416,0.4790505236088807,5.379221437257035,3.2726264151089413,0.18668437282860056,2.73891062396083,0.8188361700456102,10.025792034431777
tsai,8,5.0,ok,10,4,5.863627921236855,1.3340519641151576,5.4583898758595355,0.5956036512939994,11.872488747875016,1.0117663980519775,11.998552427819208,5.20045143624094,0.242165093709052,7.645547516697606,1.1325598182205883,10.058745269719688,6.828097025180416,1.4584776423093075,8.24706846459806,2.0401202941192698,10.702223579005121,4.314782460067218,0.3725039145989682,2.9609788083081177,0.7916285108592661,8.976776167590229,5.49022858194957,0.30926795455866973,4.6009168953436355,1.371899233261506,16.720125153639472
tsai,9,0.0,ok,10,4,3.635427907876276e-06,1.0194742941662941e-07,4.580953101390789e-06,8.605894530747405e-08,2.9406631731429404e-06,8.872327302319046e-08,1.9336536888083023e-06,6.101038136259645e-06,1.1518416918024255e-07,4.825166188751368e-06,1.3529117828745495e-07,1.915910871306585e-06,6.2897607271056875e-06,1.1622735937780987e-07,5.101239091653403e-06,1.3810179887517825e-07,2.4611770254279094e-06,5.933013388912644e-06,1.1282422936397063e-07,4.6153060048340605e-06,1.3439671476368118e-07,2.286473165310004e-06,1.5328517645723045e-13,2.3307873139066432e-14,3.462662730582246e-13,2.574020332687342e-14,3.740632420075751e-13
tsai,9,1.0,ok,10,4,0.8940386611629719,0.2771094604749944,1.3198432868024856,0.18581815258636544,2.127998541998858,0.30318756017208287,2.393950058566452,0.17057590568478387,0.07453961199777542,0.8181618940728183,0.21698984184211328,1.7975855969976253,1.560762601795205,0.20864662878118787,1.6069485349153374,0.23026566926491626,2.0600762331363764,2.927895854564007,0.2828034409067282,0.9299825316109994,0.3358472857464412,1.8803298736577359,0.6201387851659462,0.17728292865977024,0.22106168405273288,0.32533504504650695,3.451538647184018
tsai,9,3.0,ok,10,4,2.6401440160799337,0.8844783976586286,4.321248342617569,0.6117249734440283,7.043462942457562,1.0181868508877931,7.190314670849426,0.6754923966342963,0.2221185473185467,2.3097827040450194,0.6428212821283694,5.386470568061185,5.70922709061463,0.8227431709654488,4.8861309173303535,0.8952365568602563,6.220219309342724,9.037707392746187,0.8631028970790888,2.715245703047375,1.0174244147493823,5.638735173212633,1.8625664904751618,0.5389352784130291,0.6494167398969876,0.982431336896506,10.35866653931843
tsai,9,5.0,ok,10,4,4.419278945069235,1.550190471985291,7.754058743240992,1.0996830597572018,12.76290119095617,1.8537383537042198,12.0167128854984,1.3560437684893647,0.37283284753996415,3.640515854595218,1.0605341345324004,8.971912737902718,11.071349652807585,1.6539012214196578,8.546732074935472,1.7803699925452219,10.511802200856033,15.477584684998131,1.463062106018563,4.417343826566504,1.712539937868205,9.39551025006177,3.111256866668885,0.9089360640506225,1.0725240241797453,1.6473178229953376,17.272427094781282
tsai,10,0.0,ok,10,4,3.635427907876276e-06,1.0194742941662941e-07,4.580953101390789e-06,8.605894530747405e-08,2.9406631731429404e-06,8.872327302319046e-08,1.9336536888083023e-06,6.101038136259645e-06,1.1518416918024255e-07,4.825166188751368e-06,1.3529117828745495e-07,1.915910871306585e-06,6.2897607271056875e-06,1.1622735937780987e-07,5.101239091653403e-06,1.3810179887517825e-07,2.4611770254279094e-06,5.933013388912644e-06,1.1282422936397063e-07,4.6153060048340605e-06,1.3439671476368118e-07,2.286473165310004e-06,1.5328517645723045e-13,2.3307873139066432e-14,3.462662730582246e-13,2.574020332687342e-14,3.740632420075751e-13
tsai,10,1.0,ok,10,4,1.5648729005894806,0.24114404903417982,1.7398305796957851,0.16593070585039393,2.287696467719328,0.21293009069315882,2.427199560025913,2.4345325037304284,0.1706149740695382,1.222201413330056,0.28847278633701945,1.9255188021767429,1.4532373874796947,0.0883358783966272,1.220853028105887,0.15429687038736026,2.006282471657337,0.8980788108987053,0.07363157859096972,1.525019871496595,0.18691703212066213,1.8518136847753814,2.173473616674312,0.33114039234444054,2.291417289425384,0.33488950729167744,3.5218155658726555
tsai,10,3.0,ok,10,4,5.122871726983731,0.8114120039671626,4.955002389486497,0.6058062518864662,7.651036687260512,0.6175293960801181,7.316409755690908,7.380203950234041,0.5342137899794516,3.6231661898782024,0.8819602462535547,5.793897655673654,3.056821999814459,0.6854527506545659,5.3838240145009975,0.7994991068552928,6.168068748507828,2.8766515424947148,0.20924432422987466,4.62626235118374,0.5581831085143409,5.554010081948356,6.506332065402773,0.9943141426819725,6.8582343523719835,1.006005554245462,10.56683759369627
tsai,10,5.0,ok,10,4,9.900862924298735,1.6251046929059099,9.556342465034522,1.2992710414429165,15.969357637150985,1.4137395171720135,12.501033244410051,12.425536989646687,0.9273588141942514,5.972894281102243,1.4977168741941718,9.687361073982354,9.863927086572987,2.2788701104660967,14.429036894914432,2.3956398266087935,11.632882318259965,5.116407571503969,0.3326919274175379,7.79842439622581,0.9286149637512693,9.255007036892195,10.819498212414443,1.6581633136937801,11.40309612495245,1.6784471070694045,17.614745466519334
tsai,11,0.0,ok,10,4,3.635427907876276e-06,1.0194742941662941e-07,4.580953101390789e-06,8.605894530747405e-08,2.9406631731429404e-06,8.872327302319046e-08,1.9336536888083023e-06,6.101038136259645e-06,1.1518416918024255e-07,4.825166188751368e-06,1.3529117828745495e-07,1.915910871306585e-06,6.2897607271056875e-06,1.1622735937780987e-07,5.101239091653403e-06,1.3810179887517825e-07,2.4611770254279094e-06,5.933013388912644e-06,1.1282422936397063e-07,4.6153060048340605e-06,1.3439671476368118e-07,2.286473165310004e-06,1.5328517645723045e-13,2.3307873139066432e-14,3.462662730582246e-13,2.574020332687342e-14,3.740632420075751e-13
tsai,11,1.0,ok,10,4,0.8371879033744403,0.36890662628566506,1.7077954115186404,0.2836535416128001,1.996530115468947,0.342797936017086,2.391821430829915,2.067142334162034,0.16859882458938993,0.4932210804760709,0.2895944611456944,1.9215354214477025,1.1331306261820986,0.178766414205252,1.1185205538116403,0.30966356015248914,2.0638336159606374,1.9884881168179638,0.20676354689231224,1.3794527521007938,0.2513617723854666,2.0635871582511354,1.6424205689124656,0.5804853807642463,0.35755722710925614,0.6250067114590101,3.2669771192897405
tsai,11,3.0,ok,10,4,3.1446090622111367,1.0628339007810372,4.511897099607957,0.8355954335411085,6.256463292128117,0.9059562932459416,7.222728564618623,6.25072354570342,0.508119175942621,1.4658661775006756,0.8713723046470234,5.77054920891054,0.5094359167212615,0.46459748356123265,5.835962387255476,0.7487675599462218,6.407733050369834,6.334431732631635,0.6347675125648666,4.092157631916841,0.7624636483229605,6.210162909093861,4.952997203375509,1.7348975620957139,1.1844500521715555,1.8687320902079427,9.78503077654261
tsai,11,5.0,ok,10,4,6.954984988052265,1.9219875667885813,9.47853780686966,1.6481669686468956,13.57406922339677,1.7483045916351967,12.424937429458621,10.504570264603203,0.8514650170834555,2.4258585445448704,1.4569182414547346,9.628345181981901,7.857816947425283,1.7675493348724731,16.412295502748428,1.8338405931761081,12.31771451170633,11.247172265819927,1.0951733654169005,6.787000071856923,1.2951820731819361,10.388212566170159,8.304591749630227,2.878480157214754,2.1947858330588446,3.1020093593415465,16.28404736079507
tsai,12,0.0,ok,10,4,3.635427907876276e-06,1.0194742941662941e-07,4.580953101390789e-06,8.605894530747405e-08,2.9406631731429404e-06,8.872327302319046e-08,1.9336536888083023e-06,6.101038136259645e-06,1.1518416918024255e-07,4.825166188751368e-06,1.3529117828745495e-07,1.915910871306585e-06,6.2897607271056875e-06,1.1622735937780987e-07,5.101239091653403e-06,1.3810179887517825e-07,2.4611770254279094e-06,5.933013388912644e-06,1.1282422936397063e-07,4.6153060048340605e-06,1.3439671476368118e-07,2.286473165310004e-06,1.5328517645723045e-13,2.3307873139066432e-14,3.462662730582246e-13,2.574020332687342e-14,3.740632420075751e-13
tsai,12,1.0,ok,10,4,1.3408891657836217,0.2969841650030981,2.0599760202757103,0.1657649276050793,2.682855422016237,0.2672872273658555,2.421655420037466,1.688529173101518,0.0640365661069149,1.4759676214557989,0.24751468242994662,1.900133984439262,1.159501435785736,0.10835852796211604,1.2781893119568604,0.2295573856299869,2.0333112046819704,3.7474142182447747,0.2399611965988418,1.601874912187968,0.33507871999721817,1.9220829786852096,1.6444592539708112,0.2507034197524445,1.0075248175338598,0.3757858719552406,3.466755443167237
tsai,12,3.0,ok,10,4,4.100520500238476,0.9246716494265936,6.547726327292968,0.5706467336249512,9.100063715294626,0.9203001443117577,7.2931496705167245,4.919178705562464,0.16736265639132702,4.455720018576288,0.7309682408248277,5.709491027702673,4.72138983939612,0.5974721589579352,4.160488273660096,0.7985532041387997,6.194675831356133,11.67487935638838,0.7711278263905322,4.819947404275445,1.0475262861295367,5.7890666939466655,4.875457407824908,0.7466242927600104,2.965926304442072,1.1216388666132104,10.405505217348418
tsai,12,5.0,ok,10,4,7.182832240941477,1.6342780995489958,11.726034578931195,1.0861515281112533,17.26105311832044,1.7825942432635713,12.251215533232848,7.958646184007911,0.24146883465099442,7.481107956965875,1.200098207453848,9.533705356301354,10.451346336222665,1.4759179037952832,8.253604963972567,1.6451401867619855,10.702114093903706,20.46958252947701,1.3936228858270086,8.149493623369395,1.8334114499432834,9.687770923601557,8.024563266017198,1.2335964881717267,4.847122419458069,1.8584625540368658,17.351928964787238
tsai,13,0.0,ok,10,4,3.635427907876276e-06,1.0194742941662941e-07,4.580953101390789e-06,8.605894530747405e-08,2.9406631731429404e-06,8.872327302319046e-08,1.9336536888083023e-06,6.101038136259645e-06,1.1518416918024255e-07,4.825166188751368e-06,1.3529117828745495e-07,1.915910871306585e-06,6.2897607271056875e-06,1.1622735937780987e-07,5.101239091653403e-06,1.3810179887517825e-07,2.4611770254279094e-06,5.933013388912644e-06,1.1282422936397063e-07,4.6153060048340605e-06,1.3439671476368118e-07,2.286473165310004e-06,1.5328517645723045e-13,2.3307873139066432e-14,3.462662730582246e-13,2.574020332687342e-14,3.740632420075751e-13
tsai,13,1.0,ok,10,4,1.6273113170093438,0.2611219649030535,2.070017559067015,0.18621732585973244,2.7281233640298375,0.29167643132990057,2.402886485600039,1.8540332084789342,0.11312833007917386,1.2880846902610672,0.21882090706205606,1.9552030653435017,2.1132038582162864,0.2325042417885,1.2981466779004562,0.27166192014195767,2.1183808617100093,2.0030577667162963,0.19368279105798136,1.6401018192063712,0.2807734095403585,1.9336677358872223,2.309775402856543,0.20555394051327458,2.282912080669481,0.2732316228678418,3.3235562934781373
tsai,13,3.0,ok,10,4,4.992581080561596,0.8585506233756882,6.524947686142779,0.6192037828004365,9.08376365292857,0.9767810732656823,7.300547780624998,5.588830639591664,0.3453946645987919,3.8387704538863043,0.6635518377927837,5.873728563768501,8.038265573597203,0.978790372288379,4.4702070353833605,1.1241958109173606,6.768565026229307,5.648021482880738,0.534764446669864,4.919292915386931,0.827035741481007,5.8051771006711395,6.824673048501508,0.6178656476447113,6.7420539175897884,0.8194191033116016,9.958802672182701
tsai,13,5.0,ok,10,4,8.752804997135595,1.5681960275235136,11.529350056865413,1.1520110330162523,17.117148119307817,1.8583116271803608,12.390888663962778,9.365800523060352,0.5873373956543598,6.35949890260442,1.1183989339451288,9.804316808233622,16.67748467030075,2.1739297238007325,9.371096366407837,2.4313810691081126,12.219031404322283,8.874893720617179,0.8160012925380923,8.221740479644584,1.358513472494946,9.685086963119288,11.199221313483369,1.0307757200718242,11.058884239885536,1.3644906345458678,16.58029618286946
tsai,14,0.0,ok,10,4,3.635427907876276e-06,1.0194742941662941e-07,4.580953101390789e-06,8.605894530747405e-08,2.9406631731429404e-06,8.872327302319046e-08,1.9336536888083023e-06,6.101038136259645e-06,1.1518416918024255e-07,4.825166188751368e-06,1.3529117828745495e-07,1.915910871306585e-06,6.2897607271056875e-06,1.1622735937780987e-07,5.101239091653403e-06,1.3810179887517825e-07,2.4611770254279094e-06,5.933013388912644e-06,1.1282422936397063e-07,4.6153060048340605e-06,1.3439671476368118e-07,2.286473165310004e-06,1.5328517645723045e-13,2.3307873139066432e-14,3.462662730582246e-13,2.574020332687342e-14,3.740632420075751e-13
tsai,14,1.0,ok,10,4,1.5001303293812578,0.2463282898285966,1.561731777080446,0.12467837902640548,2.015749426334894,0.18575853341589313,2.4747453701338205,2.1747685685105846,0.21278169131609503,0.9460139896076125,0.2554486734128585,1.8990852939458003,0.6911133042264497,0.08346810942314217,1.3455656994276974,0.25812662951704335,2.0027052931819704,1.6259096364299492,0.1706334239616891,1.9616413864390299,0.2535325818133896,2.0495956477988613,1.7551355991548008,0.031830291404695565,1.7473002420506913,0.218205274571095,3.5607952515553034
tsai,14,3.0,ok,10,4,4.946903910765386,0.7762960601316591,5.110388531229126,0.45632997780451917,7.354012889613215,0.642951402365469,7.493486674130698,6.67841085687134,0.6574731938694063,2.863849157168639,0.7774172705829393,5.701989444324793,3.532099826653631,0.5529042958279344,5.781032521526179,0.9003530211751767,6.343534583384567,4.992846188460818,0.5189995719725707,5.930550124814472,0.7744603529754892,6.1464224478176375,5.238197252930713,0.09594284954816527,5.212183839552249,0.6529535957930312,10.680718449649044
tsai,14,5.0,ok,10,4,9.143413269223627,1.4160118817383922,9.615064209342025,0.9340400073073117,15.009947331857854,1.3361105299120546,12.685417969031608,11.207845487205327,1.1220881060671284,4.784016942704387,1.3091328038433412,9.512190214053703,10.037578727405698,1.5736168333755018,13.184798678686466,1.9544343968338393,11.586506603218554,8.528679236707298,0.8792449953694063,9.966245132571757,1.3149341039800548,10.24131459892622,8.686153386049776,0.16121009441721018,8.638592322931897,1.085546222296334,17.73997384608329
tsai,15,0.0,ok,10,4,3.635427907876276e-06,1.0194742941662941e-07,4.580953101390789e-06,8.605894530747405e-08,2.9406631731429404e-06,8.872327302319046e-08,1.9336536888083023e-06,6.101038136259645e-06,1.1518416918024255e-07,4.825166188751368e-06,1.3529117828745495e-07,1.915910871306585e-06,6.2897607271056875e-06,1.1622735937780987e-07,5.101239091653403e-06,1.3810179887517825e-07,2.4611770254279094e-06,5.933013388912644e-06,1.1282422936397063e-07,4.6153060048340605e-06,1.3439671476368118e-07,2.286473165310004e-06,1.5328517645723045e-13,2.3307873139066432e-14,3.462662730582246e-13,2.574020332687342e-14,3.740632420075751e-13
tsai,15,1.0,ok,10,4,1.2472390285875488,0.27250310914393483,1.6162251161250727,0.13918593249813288,2.454363553117107,0.219536367938682,2.5108204840888497,1.5288855219669815,0.15096095034094556,0.9653315785581291,0.26262205655703375,1.9101068513870223,1.3621854901852881,0.21287915551064684,1.2671158676313672,0.2711799815818957,2.011218432103331,1.303742572123438,0.10418631188686615,0.5881715359497695,0.23547375179007837,1.8821602361321839,2.2700868802245835,0.08871731225407291,2.1683371322109295,0.3207366466467313,3.7390965611301996
tsai,15,3.0,ok,10,4,3.8300985453079113,0.853525421052261,4.8308457377894145,0.44732373671961634,7.2517466044295595,0.7282921068878125,7.543524403693049,4.7128264750885975,0.41991116700206743,2.9776240746998983,0.7833651374214633,5.708876742153929,4.350788534464132,0.8215490026583414,4.118269580036403,0.9942952207908594,6.12306062696431,3.51926578632158,0.28134434143907877,1.7870571643524054,0.6756700733318274,5.643870932883045,6.740502155283347,0.2664904357789778,6.437443362142938,0.9607712526648945,11.210825906721661
tsai,15,5.0,ok,10,4,6.705896558000469,1.4890088426080434,8.239549694504555,0.8042520524389911,12.413830386014837,1.3506285014377273,12.616114122043278,8.084072549937993,0.6535533507794337,5.15044069754325,1.3039267051139463,9.489433274913816,8.549549391532963,1.7002175265764632,8.023475413665539,1.9781915566008315,10.49633330977372,5.2072059322506155,0.4188482451639928,3.0338031168191866,1.0752983483386034,9.403551704247814,11.117370904296648,0.4443890872360749,10.6158670039739,1.5986187603787931,18.67635851760323
tsai,16,0.0,ok,10,4,3.635427907876276e-06,1.0194742941662941e-07,4.580953101390789e-06,8.605894530747405e-08,2.9406631731429404e-06,8.872327302319046e-08,1.9336536888083023e-06,6.101038136259645e-06,1.1518416918024255e-07,4.825166188751368e-06,1.3529117828745495e-07,1.915910871306585e-06,6.2897607271056875e-06,1.1622735937780987e-07,5.101239091653403e-06,1.3810179887517825e-07,2.4611770254279094e-06,5.933013388912644e-06,1.1282422936397063e-07,4.6153060048340605e-06,1.3439671476368118e-07,2.286473165310004e-06,1.5328517645723045e-13,2.3307873139066432e-14,3.462662730582246e-13,2.574020332687342e-14,3.740632420075751e-13
tsai,16,1.0,ok,10,4,1.367728665779461,0.3081996966795518,2.1228574106920424,0.1962143458527395,3.096875492365917,0.25332844939331284,2.4965741262906387,0.8431172148373406,0.09922299259113238,0.9022957882437894,0.30769308649926835,1.8211603212339527,2.5473836765504614,0.1304101483245762,2.8197628462617366,0.20492989783079174,2.4982411335726966,3.7115668861462434,0.23423416046237663,1.101666431474949,0.24920668095811632,1.805111163900381,1.3893618652341229,0.3209900820328729,0.6471895971373687,0.4709691214300308,3.4806995677745776
tsai,16,3.0,ok,10,4,4.365482506269451,1.0009013603494852,6.8210912178772976,0.6809755009456864,10.606163789549823,0.9231453991307563,7.591771072444553,2.391591335676312,0.3020121165187232,2.775695169972005,0.9227892586042019,5.470826773366377,9.2434684350883,0.7183650255048758,9.416304437946415,0.8880896180606956,7.892282169153832,11.451240345258412,0.7293381009949997,3.3053817471729103,0.7668114625819082,5.4163953193867895,4.1980647554861665,0.9741867607641466,1.9645486699864716,1.425915102151134,10.439566580467918
tsai,16,5.0,ok,10,4,7.774419355002033,1.8000061323570393,12.128898991471596,1.280627880589992,19.775406463671764,1.8064443362347984,12.858677994803694,3.758423441299791,0.5130920615589638,4.746448674615985,1.5381538994565003,9.132238271598899,18.117431852179884,1.707852503860019,17.518965302177595,1.9529416203725218,13.920973496098062,19.595837897972366,1.2597394081548727,5.522549784667106,1.311337450294872,9.030030331310805,7.043902774434345,1.641827548786112,3.3097136585474445,2.3975915593042636,17.396829377317047
tsai,17,0.0,ok,10,4,3.635427907876276e-06,1.0194742941662941e-07,4.580953101390789e-06,8.605894530747405e-08,2.9406631731429404e-06,8.872327302319046e-08,1.9336536888083023e-06,6.101038136259645e-06,1.1518416918024255e-07,4.825166188751368e-06,1.3529117828745495e-07,1.915910871306585e-06,6.2897607271056875e-06,1.1622735937780987e-07,5.101239091653403e-06,1.3810179887517825e-07,2.4611770254279094e-06,5.933013388912644e-06,1.1282422936397063e-07,4.6153060048340605e-06,1.3439671476368118e-07,2.286473165310004e-06,1.5328517645723045e-13,2.3307873139066432e-14,3.462662730582246e-13,2.574020332687342e-14,3.740632420075751e-13
tsai,17,1.0,ok,10,4,1.0189590584417418,0.266252402994038,1.6758030459388202,0.24032635255934498,1.933219872824164,0.2967987612399718,2.447805364557895,1.9372933465111797,0.21929016669159956,1.2870638094691378,0.2521192431041419,1.9366925681827747,2.3628542765230813,0.301330116708844,0.9004215404349294,0.2910273616631449,2.169790874608637,1.6171399674926596,0.14149569755367175,1.5401651521881587,0.20834947077196736,1.9232162700783932,0.7859245932283596,0.2991894292832645,0.34818573167474054,0.3135135364368979,3.4364913860433415
tsai,17,3.0,ok,10,4,3.066087272226884,0.7840239700517686,4.750933512446011,0.7009562394442108,5.688988792529222,0.8904071696605386,7.352275295710495,5.538178203061976,0.6104953788215378,4.062727139153137,0.7255662573113663,5.7767514641874245,6.358439140621719,0.9182231570969139,2.6015339078786486,0.8820254419904641,6.557561395113979,4.753536553321303,0.37403650190768806,4.577379843189169,0.5851919780268448,5.7844240055020535,2.3535801527790454,0.9010699199507032,1.022708198686583,0.9433122028783991,10.314639018916278
tsai,17,5.0,ok,10,4,5.275067772116969,1.30178181824348,7.507785532138886,1.15376258383227,9.715915340714282,1.516504338724922,12.289042061933262,8.775163117388871,0.9380219343772321,7.145913488127936,1.1590735433189001,9.581764921612988,9.520784510787292,1.6171630865883266,4.803863717597499,1.551664851310882,11.098076320139166,7.820566208153398,0.5527314526129853,7.481752432917741,0.9199694328014714,9.654217325652843,3.914628292225982,1.5071338617505354,1.6687414498247026,1.5764194455426663,17.201767060631802
tsai,18,0.0,ok,10,4,3.635427907876276e-06,1.0194742941662941e-07,4.580953101390789e-06,8.605894530747405e-08,2.9406631731429404e-06,8.872327302319046e-08,1.9336536888083023e-06,6.101038136259645e-06,1.1518416918024255e-07,4.825166188751368e-06,1.3529117828745495e-07,1.915910871306585e-06,6.2897607271056875e-06,1.1622735937780987e-07,5.101239091653403e-06,1.3810179887517825e-07,2.4611770254279094e-06,5.933013388912644e-06,1.1282422936397063e-07,4.6153060048340605e-06,1.3439671476368118e-07,2.286473165310004e-06,1.5328517645723045e-13,2.3307873139066432e-14,3.462662730582246e-13,2.574020332687342e-14,3.740632420075751e-13
tsai,18,1.0,ok,10,4,1.2171726634961608,0.24168644701832728,1.426514447018269,0.09864713558418864,1.9652197289058824,0.14378228426307044,2.5102597232204835,1.4681431360065316,0.19974259361446953,0.87359993171186,0.26056311917448627,1.9024585848832003,0.24843737755908182,0.07544238171885813,0.2969890638114774,0.2617667048309373,1.9902928760238792,1.0227393070508575,0.0577889843078085,0.7720837327313527,0.2023487644275504,1.9232858399791224,2.966737967456605,0.06161458269561844,2.9260179257299535,0.24206719964033502,3.7317519599084448
tsai,18,3.0,ok,10,4,4.058657139712382,0.7032099310272747,4.9837873746276244,0.34158914743605634,6.645595148433583,0.4907845065027272,7.56526537462691,4.371562656401484,0.6111883442579454,2.6627545711042404,0.7913901682397522,5.722205594785943,3.38284253868744,0.38188831624175823,2.5612070015372805,0.6758213040088737,6.114404231124273,3.268020470907798,0.18581677603958907,2.2227730237956296,0.6190123762600472,5.763390239898783,8.912723832513773,0.18746315320493276,8.787893962412376,0.7266158756004257,11.20654798437792
tsai,18,5.0,ok,10,4,7.895937711489097,1.3026194728882843,9.778176047991924,0.7914693827446415,13.347906140819811,1.1628201313164925,12.809365883296888,7.239137402693568,1.040483263192156,4.5279976103465085,1.336963308106951,9.564579458651641,11.169710623317798,1.4682318520994921,8.834341431101338,1.6066081240911791,11.097090576126051,5.829322502158054,0.3402933161694338,3.559489132817343,1.0552144921543642,9.596396211818835,14.874533663798276,0.3168690995174843,14.661922671691196,1.2116919672006432,18.697646846565043
tsai,19,0.0,ok,10,4,3.635427907876276e-06,1.0194742941662941e-07,4.580953101390789e-06,8.605894530747405e-08,2.9406631731429404e-06,8.872327302319046e-08,1.9336536888083023e-06,6.101038136259645e-06,1.1518416918024255e-07,4.825166188751368e-06,1.3529117828745495e-07,1.915910871306585e-06,6.2897607271056875e-06,1.1622735937780987e-07,5.101239091653403e-06,1.3810179887517825e-07,2.4611770254279094e-06,5.933013388912644e-06,1.1282422936397063e-07,4.6153060048340605e-06,1.3439671476368118e-07,2.286473165310004e-06,1.5328517645723045e-13,2.3307873139066432e-14,3.462662730582246e-13,2.574020332687342e-14,3.740632420075751e-13
tsai,19,1.0,ok,10,4,1.6796341605143534,0.3310313193651889,2.4620724417333726,0.2035579424150914,3.0367270824415247,0.32130775165675596,2.423575734438221,3.8679024250519944,0.3191233187435914,2.3533656395711824,0.3885675067476749,1.9052351643948038,3.165046758359063,0.1905877547214322,2.506887497821281,0.33796450489862373,2.311357900613487,1.4933337150474295,0.06922106212836233,1.5169011652902444,0.29765957555727085,1.9670540653149133,1.322006868475004,0.23529963406697968,0.3413823393747055,0.29993369025718636,3.263936165120917
tsai,19,3.0,ok,10,4,5.076895017305384,0.9760428455834232,7.2040448622870645,0.5773903787673009,9.002734482914624,0.9239031312950176,7.249311760910961,11.51566105894626,0.9536995268102915,6.916288339453169,1.1582746778883752,5.672210169380993,8.794205387200005,0.44725569876586274,7.792123101984469,0.9575003228817591,6.883941129124009,4.623473001164223,0.2207164657431433,4.603837819668725,0.9038641037700754,5.91134247030182,3.88284000183777,0.687889823749906,0.9953308081151724,0.8845322777934834,9.78281659602487
tsai,19,5.0,ok,10,4,8.654808127882204,1.6066628951677548,11.642924347126765,0.9214627017502721,15.126609285106824,1.5141712619194434,12.068707352261246,19.054691163287284,1.5884475024119293,11.301787665969531,1.9216762294203367,9.390718819725365,13.25099756647709,0.5918897435498118,13.944502213457497,1.5317737016719888,11.472421168271241,7.932934900399969,0.3893090632854703,7.757838521354283,1.5245294411965773,9.868965713008654,6.333073758342724,1.1162044977538772,1.6151041107475002,1.4486722083821166,16.291600810240105
tsai,20,0.0,ok,10,4,3.635427907876276e-06,1.0194742941662941e-07,4.580953101390789e-06,8.605894530747405e-08,2.9406631731429404e-06,8.872327302319046e-08,1.9336536888083023e-06,6.101038136259645e-06,1.1518416918024255e-07,4.825166188751368e-06,1.3529117828745495e-07,1.915910871306585e-06,6.2897607271056875e-06,1.1622735937780987e-07,5.101239091653403e-06,1.3810179887517825e-07,2.4611770254279094e-06,5.933013388912644e-06,1.1282422936397063e-07,4.6153060048340605e-06,1.3439671476368118e-07,2.286473165310004e-06,1.5328517645723045e-13,2.3307873139066432e-14,3.462662730582246e-13,2.574020332687342e-14,3.740632420075751e-13
tsai,20,1.0,ok,10,4,1.3594394188129602,0.35097805082422073,2.4867058288210186,0.27108520041634543,3.2358196152879946,0.40814691200371594,2.5261623342700594,2.3081546018485843,0.23049599962675552,1.1197978974085063,0.25786308918016954,1.8396074687544042,2.6130306386054807,0.30096268586556424,1.8594970504206012,0.4142642164089439,2.0156415013296862,2.931873079030279,0.2443804020446979,0.9693936477213891,0.3610781054880148,2.13298114064856,2.0937649957997304,0.30850171412836414,1.4890690797013442,0.37070679221975467,3.6782345913490904
tsai,20,3.0,ok,10,4,4.215746472162659,1.1248906422703753,7.996280213086142,0.900611046869336,9.974856394775433,1.3586878360099064,7.602644617848679,7.0781382707635965,0.6916693482100581,3.433628171225005,0.7693899764637835,5.53222064244758,9.949155650756808,1.2586627308336815,6.0424304535711695,1.541622340924456,6.16009997579093,8.656438113422197,0.7209605008836995,2.906214558996166,1.0703344877212924,6.388479784482805,6.3013888174019685,0.9311516075499056,4.480712704858297,1.1182157639719683,11.037927787225547
tsai,20,5.0,ok,10,4,7.439874338267331,1.9757162209337427,14.06543476259561,1.6178387730119164,17.438453392612104,2.4591653548815677,12.76021643164067,12.054908737614744,1.1573693102182692,5.8613966680718175,1.2781831599397362,9.248083231290403,19.472610700970932,2.5713655183188004,11.565774782869607,2.9888298559036532,10.681642144011116,14.200653110988169,1.1823799916061715,4.841681088310722,1.7629607503380422,10.630123086685813,10.533566500808588,1.5602402719044246,7.490644813817179,1.872891117553538,18.40294689297261
tsai,21,0.0,ok,10,4,3.635427907876276e-06,1.0194742941662941e-07,4.580953101390789e-06,8.605894530747405e-08,2.9406631731429404e-06,8.872327302319046e-08,1.9336536888083023e-06,6.101038136259645e-06,1.1518416918024255e-07,4.825166188751368e-06,1.3529117828745495e-07,1.915910871306585e-06,6.2897607271056875e-06,1.1622735937780987e-07,5.101239091653403e-06,1.3810179887517825e-07,2.4611770254279094e-06,5.933013388912644e-06,1.1282422936397063e-07,4.6153060048340605e-06,1.3439671476368118e-07,2.286473165310004e-06,1.5328517645723045e-13,2.3307873139066432e-14,3.462662730582246e-13,2.574020332687342e-14,3.740632420075751e-13
tsai,21,1.0,ok,10,4,1.2793418432769237,0.3798524011019727,2.5669824277433824,0.3128056083307301,2.941808570636215,0.4748279343176591,2.583672524561693,1.141978914498939,0.09081589991532646,0.33616929101970566,0.26551492139301847,1.9216418231266768,3.4351028477176686,0.23980083476483438,2.009382023527827,0.2897533314886398,2.0691802221634177,3.8228315775863253,0.2566434124644879,2.2578859073155897,0.30515841748918626,2.0549278268363578,1.8680163711705975,0.6639622861782716,0.5139301512445728,0.6589829340370463,3.808479013334812
tsai,21,3.0,ok,10,4,4.07799075865408,1.213031828198093,7.03544691932919,0.9788602694668727,9.173765951893541,1.593744199211228,7.736169765963789,3.5214861120348417,0.28582033925754496,1.0577595165954377,0.7987687334983242,5.772506830231697,7.333109512611059,0.832362338901275,6.807118843282346,1.1263766929457362,6.054237013634442,11.622233906094431,0.8027802680361303,6.787871178463581,0.9469549254565349,6.183687791630279,5.664958146576428,1.9944781316725404,1.6592134962749552,1.9800269608917764,11.45336958997476
tsai,21,5.0,ok,10,4,8.411174640575869,2.334277716804177,11.686955041328943,1.976289995608524,18.852920894883383,3.341296542249479,13.205012800760324,6.026577011691621,0.498708702035945,1.8517394939832874,1.3355621514346956,9.634189119831435,11.170625581736072,2.6796582679760412,17.498148808145167,3.0600950324445906,11.685083538935066,20.01793403483543,1.404077480458398,11.320575232160486,1.6419692228574048,10.344618732826145,9.53268353705265,3.3227155319637114,2.9742350280145358,3.2994844604800173,19.023693310464946
tsai,22,0.0,ok,10,4,3.635427907876276e-06,1.0194742941662941e-07,4.580953101390789e-06,8.605894530747405e-08,2.9406631731429404e-06,8.872327302319046e-08,1.9336536888083023e-06,6.101038136259645e-06,1.1518416918024255e-07,4.825166188751368e-06,1.3529117828745495e-07,1.915910871306585e-06,6.2897607271056875e-06,1.1622735937780987e-07,5.101239091653403e-06,1.3810179887517825e-07,2.4611770254279094e-06,5.933013388912644e-06,1.1282422936397063e-07,4.6153060048340605e-06,1.3439671476368118e-07,2.286473165310004e-06,1.5328517645723045e-13,2.3307873139066432e-14,3.462662730582246e-13,2.574020332687342e-14,3.740632420075751e-13
tsai,22,1.0,ok,10,4,1.415581377240605,0.2849043586467028,2.957225023839178,0.19995138774961588,3.8516589651969313,0.30827866206316384,2.4808860848828367,2.9242638326178154,0.17376228236612296,1.849432836559072,0.2200424984979456,2.0277555032147787,4.098680308437008,0.2525125926663,2.3963331243552624,0.30426432024602507,2.1452027825284867,4.2144152930745165,0.28689092971931185,0.9079184770639144,0.3937414601273788,1.8550753611000799,0.5915406612273721,0.08663974624672864,0.5086410709841714,0.22156915571546196,3.5304661321580157
tsai,22,3.0,ok,10,4,4.7210097866270715,0.946150220228301,9.589527841886758,0.6989279356244903,13.274263389994667,1.1146505385577676,7.630435587262047,8.864923204728052,0.5037914196514699,5.501856478857648,0.6479494388269762,6.0748881157257255,15.292011121325205,1.1837437749106146,9.142524397340189,1.3020244997338026,7.271797269078619,12.436363573629267,0.8435608409373425,2.727960470351254,1.169668702427387,5.564137064540038,1.7648134678645044,0.26461570699853415,1.5116977999591952,0.6649582399250379,10.590149507503062
tsai,22,5.0,ok,10,4,8.669796561778261,1.7316305214677135,16.963029376152207,1.325638793031783,24.67733164294916,2.182422873635475,13.109768177277445,14.566708854229123,0.789552970351373,8.935816203705558,1.0512572508746858,10.075342042368739,29.96106043277773,2.684483222058661,18.67490259353811,2.834341777373223,13.727375761681602,20.399126181945814,1.3796763850577334,4.5727455450426575,1.9321950577345908,9.273041760512575,2.9252220356561573,0.44884259465936466,2.4957219048267216,1.1087279998883544,17.649969421573758
tsai,23,0.0,ok,10,4,3.635427907876276e-06,1.0194742941662941e-07,4.580953101390789e-06,8.605894530747405e-08,2.9406631731429404e-06,8.872327302319046e-08,1.9336536888083023e-06,6.101038136259645e-06,1.1518416918024255e-07,4.825166188751368e-06,1.3529117828745495e-07,1.915910871306585e-06,6.2897607271056875e-06,1.1622735937780987e-07,5.101239091653403e-06,1.3810179887517825e-07,2.4611770254279094e-06,5.933013388912644e-06,1.1282422936397063e-07,4.6153060048340605e-06,1.3439671476368118e-07,2.286473165310004e-06,1.5328517645723045e-13,2.3307873139066432e-14,3.462662730582246e-13,2.574020332687342e-14,3.740632420075751e-13
tsai,23,1.0,ok,10,4,1.1786264269684357,0.3340287000858695,2.2354668119367984,0.24993175359912861,3.2855750954052083,0.34125421191689237,2.5469194962823205,1.1608292729306668,0.13167532634763945,1.2498393024365357,0.2264682868976389,1.9058812021661193,5.056763324551805,0.3742625415547167,2.1802093180191786,0.4865498306502065,2.5039337977269938,1.7882808391887803,0.1715540564497413,0.8943811626041241,0.29015911243055853,1.815386077192355,0.9359938110759403,0.322235090044417,0.3900759248139048,0.33293757036507404,3.570644403008848
tsai,23,3.0,ok,10,4,3.6881319860602457,1.0340834696380516,7.020719994243082,0.7865176044047997,10.448023460019263,1.0943778965968296,7.69804856104646,3.5876911898732455,0.39772297364702114,3.782405533842766,0.6892269146094393,5.714752890896314,15.936096681840366,1.2290032733324632,6.977123423948269,1.5548911065916908,7.7503507054765866,5.741453410227888,0.5496681671396282,2.8189117124164644,0.8903011724877455,5.450305596215272,2.8176386950308294,0.9696760035000861,1.174087274033484,1.0019146848633307,10.705495730646629
tsai,23,5.0,ok,10,4,6.359828026808838,1.7655657452912696,12.121774647253643,1.3594555198149165,18.1788472849551,1.9143460351223107,12.90572989951478,6.157588515407259,0.6687255917856506,6.360780021595629,1.165585614275781,9.520915076951805,27.430538860247708,2.1748789175943024,12.192342276513408,2.704852727258757,13.224917371080439,10.189688132896018,0.9742214696073118,4.922793543051503,1.5178148008830508,9.092149509951353,4.70928308046359,1.619996100272401,1.9633962660748159,1.6740098387474898,17.833059492728022
tsai,24,0.0,ok,10,4,3.635427907876276e-06,1.0194742941662941e-07,4.580953101390789e-06,8.605894530747405e-08,2.9406631731429404e-06,8.872327302319046e-08,1.9336536888083023e-06,6.101038136259645e-06,1.1518416918024255e-07,4.825166188751368e-06,1.3529117828745495e-07,1.915910871306585e-06,6.2897607271056875e-06,1.1622735937780987e-07,5.101239091653403e-06,1.3810179887517825e-07,2.4611770254279094e-06,5.933013388912644e-06,1.1282422936397063e-07,4.6153060048340605e-06,1.3439671476368118e-07,2.286473165310004e-06,1.5328517645723045e-13,2.3307873139066432e-14,3.462662730582246e-13,2.574020332687342e-14,3.740632420075751e-13
tsai,24,1.0,ok,10,4,1.6684872004101794,0.3460717790137052,2.656477469592711,0.27948460545659376,3.9201440623209485,0.40684683556642837,2.613221378501616,1.8796299764960411,0.1578872918495007,1.9619117772319674,0.2303860655223791,2.076029104493438,2.543293988653866,0.18303747610114662,1.5530880773747242,0.26603149502136375,2.1961296455117534,3.875208229962632,0.3381344692971704,1.1945435430098876,0.3522583712472205,2.115430693048045,2.327777683258305,0.4388791845785574,1.9644054040241392,0.5356111842638575,3.702401195513853
tsai,24,3.0,ok,10,4,5.267994774304949,1.1156968510985112,8.524903466250645,0.9254169840194374,13.013836329829056,1.3279240998454473,7.935206248542287,5.642616992582793,0.43849921134252046,5.860502835532216,0.6649791101534938,6.179527833565331,9.582143815894097,0.8954931152989962,5.918778843534421,1.103295526301335,7.073850693153187,11.939644490506874,1.0376204448646287,3.4836723113816226,1.0812096435065626,6.343862117670472,6.935208566018817,1.330055164571604,5.809025106771538,1.6133031244326534,11.108531783488372
tsai,24,5.0,ok,10,4,9.233643695891267,1.9769696706587088,15.031031473770069,1.6664217376334696,23.518372575078118,2.3979057316587773,13.409229352210174,9.431642449108145,0.6731755163690818,9.737406047313149,1.0663496936714032,10.222879684564091,18.82670207682812,1.9876041664542061,12.00070787695907,2.301236464641063,12.652937578350905,20.392554812719904,1.7667233841785177,5.6609937384940885,1.8414565800092428,10.571317009251555,11.473226556424102,2.238183883532073,9.53546712079876,2.6988359443131253,18.516827092239392
tsai,25,0.0,ok,10,4,3.635427907876276e-06,1.0194742941662941e-07,4.580953101390789e-06,8.605894530747405e-08,2.9406631731429404e-06,8.872327302319046e-08,1.9336536888083023e-06,6.101038136259645e-06,1.1518416918024255e-07,4.825166188751368e-06,1.3529117828745495e-07,1.915910871306585e-06,6.2897607271056875e-06,1.1622735937780987e-07,5.101239091653403e-06,1.3810179887517825e-07,2.4611770254279094e-06,5.933013388912644e-06,1.1282422936397063e-07,4.6153060048340605e-06,1.3439671476368118e-07,2.286473165310004e-06,1.5328517645723045e-13,2.3307873139066432e-14,3.462662730582246e-13,2.574020332687342e-14,3.740632420075751e-13
tsai,25,1.0,ok,10,4,1.2752377072457457,0.3118042703119873,2.1066870171549015,0.27204841737171426,2.4091799269947862,0.419352777812011,2.5562968706293665,2.517633587974238,0.19297652282054503,2.0594779011038353,0.2518145889378721,1.7703457677827534,1.8302862494442393,0.16748206252521322,1.371664002245844,0.21279459591518335,2.242654519740031,2.490833486829327,0.2206987920524718,1.071871717539534,0.2509321973411312,2.0367212710107436,1.5879947443718008,0.5070362920886269,0.5979372080937686,0.5316756990537624,3.718434858237219
tsai,25,3.0,ok,10,4,4.4963802876863355,0.9265603179029615,6.70199466679963,0.8022230340248266,6.416354625028846,1.1927533790303657,7.720424656371808,7.71678717370192,0.5969036225700713,6.199141704599456,0.7752210536342795,5.322162794737601,7.231986002133819,0.45429151717166166,6.701875919852197,0.5931212161976339,6.948044222258484,7.081847990866041,0.6293828470432863,3.3349041816670653,0.7354767451367927,6.111316260370693,4.777357500496738,1.528314149314287,1.7495993446266227,1.6024222566431399,11.156652980909424
tsai,25,5.0,ok,10,4,10.462971477946652,2.031718661923252,14.164827237266122,1.8738256473549901,17.540553313516146,2.7114529020465277,13.76703786678523,13.136869346336864,1.0264252102507996,10.375189095572672,1.3258918706222547,8.891284248057328,24.426874174522737,2.916243995219138,22.854316238672432,2.918645047843823,15.144655535895602,11.114054948768178,0.9946422869236731,5.779929707275315,1.200415757103679,10.190079955232639,7.981510479436706,2.5579910970263495,2.84245087026619,2.6819219721232486,18.597636143533784
tsai,26,0.0,ok,10,4,3.635427907876276e-06,1.0194742941662941e-07,4.580953101390789e-06,8.605894530747405e-08,2.9406631731429404e-06,8.872327302319046e-08,1.9336536888083023e-06,6.101038136259645e-06,1.1518416918024255e-07,4.825166188751368e-06,1.3529117828745495e-07,1.915910871306585e-06,6.2897607271056875e-06,1.1622735937780987e-07,5.101239091653403e-06,1.3810179887517825e-07,2.4611770254279094e-06,5.933013388912644e-06,1.1282422936397063e-07,4.6153060048340605e-06,1.3439671476368118e-07,2.286473165310004e-06,1.5328517645723045e-13,2.3307873139066432e-14,3.462662730582246e-13,2.574020332687342e-14,3.740632420075751e-13
tsai,26,1.0,ok,10,4,1.102009165687748,0.2353931073578909,1.8803252161070168,0.19361414162405027,2.680938059203632,0.28745103951176626,2.4574706492877074,2.4899634656855363,0.36310789223780515,1.2012765186516459,0.35330072081636665,1.9587208708583868,1.7599604327392966,0.12028974623838608,0.9373695650933705,0.2380320431354911,1.960179267719535,1.5860698918054865,0.15647848888083699,0.5566337175365881,0.20685124329101157,2.0409956200184745,1.6853070741977474,0.134580439139173,1.7127568614693878,0.14338842218869435,3.508859449447051
tsai,26,3.0,ok,10,4,3.8012437025214947,0.7111098095564659,4.993388993447634,0.6151434496977729,7.441719358738811,0.9906356428597194,7.482487086536412,7.500107807587701,1.0754411295411304,3.524572309635826,1.0506752564543447,5.84938403148644,2.8144430056644265,0.5289129653598655,4.919631188250399,0.7405385712508258,6.448495413238217,4.6245177572775535,0.4545291899985766,1.6438401250599863,0.6252496675451971,6.114767680837473,5.034487403260855,0.40169051389151955,5.116931187139765,0.42797574297549634,10.524337583323677
tsai,26,5.0,ok,10,4,8.044580586961807,1.4624983119326687,9.398428857486653,1.3517167505363734,16.098413744027244,2.2818841808899877,13.060267402529213,12.556494776404211,1.769621096978071,5.750695590694592,1.7363286040289436,9.705004773284474,9.170464710793492,2.236112198254771,15.221355496605618,2.353031862629174,13.299834442438712,7.510858689789315,0.7354401786989981,2.7130002261756094,1.051302846820127,10.179022638192178,8.355897252959592,0.6656935282136535,8.493271034371407,0.7093299342524292,17.538446989049124
tsai,27,0.0,ok,10,4,3.635427907876276e-06,1.0194742941662941e-07,4.580953101390789e-06,8.605894530747405e-08,2.9406631731429404e-06,8.872327302319046e-08,1.9336536888083023e-06,6.101038136259645e-06,1.1518416918024255e-07,4.825166188751368e-06,1.3529117828745495e-07,1.915910871306585e-06,6.2897607271056875e-06,1.1622735937780987e-07,5.101239091653403e-06,1.3810179887517825e-07,2.4611770254279094e-06,5.933013388912644e-06,1.1282422936397063e-07,4.6153060048340605e-06,1.3439671476368118e-07,2.286473165310004e-06,1.5328517645723045e-13,2.3307873139066432e-14,3.462662730582246e-13,2.574020332687342e-14,3.740632420075751e-13
tsai,27,1.0,ok,10,4,1.3053926501248292,0.36522308127763187,2.704345339959573,0.24883282167555623,3.924341380869627,0.37455578090147196,2.442930418442007,1.9369547397189246,0.1565211709182233,0.8282758597143168,0.23421409132561277,1.7961565844893248,4.116471264052548,0.2778652982934315,2.262548961542676,0.443599870211673,2.322537729037777,3.777541573817517,0.1684094062253351,1.863176341852671,0.2919603900531764,1.9360343412913399,0.9864137822493027,0.39253541126523506,0.2675694373896534,0.49111797352006525,3.3916142422052142
tsai,27,3.0,ok,10,4,4.092365356790336,1.1597247092162046,8.618828035842927,0.8277231561265633,13.00151537261209,1.2664539600795555,7.448168479373577,5.753310455194284,0.46859143792239655,2.4876087996726746,0.6979725575844066,5.382673954453846,14.079489348484294,1.1156300123345109,7.520473512087875,1.5572118695764143,7.470106419084949,11.655612966337483,0.5430446699205774,5.552903704431975,0.9047967362418095,5.809232743499637,2.9868993733556484,1.1836265043287684,0.8084754109688189,1.478917673462188,10.16749727848393
tsai,27,5.0,ok,10,4,7.10839294776878,2.0231874373015106,15.028373461354395,1.488469695396045,23.3031473446476,2.3043787539376863,12.598326025088982,9.497203071458548,0.7812702980138695,4.165205761992122,1.156583675426932,8.963567914663408,25.668751618551635,2.2265181815684456,13.711340435008156,2.9085756809862957,13.18981947221839,19.928183002022912,0.9648638492648013,9.200422762409659,1.5548142531826399,9.683668522056111,5.019356153384485,1.9812264527370633,1.3566028316651864,2.472776139610175,16.934608085874984
tsai,28,0.0,ok,10,4,3.635427907876276e-06,1.0194742941662941e-07,4.580953101390789e-06,8.605894530747405e-08,2.9406631731429404e-06,8.872327302319046e-08,1.9336536888083023e-06,6.101038136259645e-06,1.1518416918024255e-07,4.825166188751368e-06,1.3529117828745495e-07,1.915910871306585e-06,6.2897607271056875e-06,1.1622735937780987e-07,5.101239091653403e-06,1.3810179887517825e-07,2.4611770254279094e-06,5.933013388912644e-06,1.1282422936397063e-07,4.6153060048340605e-06,1.3439671476368118e-07,2.286473165310004e-06,1.5328517645723045e-13,2.3307873139066432e-14,3.462662730582246e-13,2.574020332687342e-14,3.740632420075751e-13
tsai,28,1.0,ok,10,4,1.868816452616265,0.27785066701908523,2.4138199871579142,0.2240305969801763,3.4184506321945256,0.3154401507158968,2.499673108912952,1.7300420736493827,0.16357266967488504,1.3358253207385524,0.23610695693275344,1.9324352821136568,3.108854497708155,0.20354806032223294,2.7436031129275724,0.18267857525414957,2.1671533342607576,4.02483568154266,0.30151500916382795,3.125554591134269,0.33527345337826114,1.948654359631489,0.7915476957314593,0.22748664875975932,0.27028278566466685,0.357343682511177,3.5728628715113264
tsai,28,3.0,ok,10,4,6.710330273090536,1.0553856741968293,8.057999111366346,0.9089434942073146,13.096901339950302,1.4158391836827464,7.81806612147049,5.265764192489082,0.4973993216906051,4.260747768971233,0.7100915030062398,5.788077600015002,12.414876313827481,1.5485679418150216,12.351903686550234,1.4290491359992226,7.863526103604323,12.20782849586801,0.9175665573044267,9.417047068935718,1.018431461782328,5.845234344673268,2.3435274432808115,0.6722401560192046,0.8116225679049569,1.0639705959995265,10.723105048852622
tsai,28,5.0,ok,10,4,13.44337945054297,2.184117830992127,15.680242374747522,1.9424051641106672,27.96433164521784,3.2018168201567896,14.055168384482498,8.9453204087707,0.8547476959162124,7.549660894710717,1.1984148513073416,9.644870987949627,29.358610504328983,4.261738356866744,29.105186295582662,4.06084414856095,16.808481453288433,20.561381818748476,1.550276896125496,15.75901760419297,1.7177241725277486,9.740349408409402,3.855656767141924,1.1028577075342167,1.3596530076855273,1.7594881515724676,17.8820592082397
tsai,29,0.0,ok,10,4,3.635427907876276e-06,1.0194742941662941e-07,4.580953101390789e-06,8.605894530747405e-08,2.9406631731429404e-06,8.872327302319046e-08,1.9336536888083023e-06,6.101038136259645e-06,1.1518416918024255e-07,4.825166188751368e-06,1.3529117828745495e-07,1.915910871306585e-06,6.2897607271056875e-06,1.1622735937780987e-07,5.101239091653403e-06,1.3810179887517825e-07,2.4611770254279094e-06,5.933013388912644e-06,1.1282422936397063e-07,4.6153060048340605e-06,1.3439671476368118e-07,2.286473165310004e-06,1.5328517645723045e-13,2.3307873139066432e-14,3.462662730582246e-13,2.574020332687342e-14,3.740632420075751e-13
tsai,29,1.0,ok,10,4,1.763406782408426,0.36311628627404224,2.400483566182436,0.312801389354573,3.285001575465295,0.3589049739793455,2.5072213107028767,3.623105562795015,0.2759450783048389,2.9979261759386784,0.38087654112343866,1.892683201214096,2.0086091168420315,0.3965110746526588,1.9176733021213144,0.35595009595799343,2.422801391257308,2.226451389816588,0.23108471407480757,1.2984979922078037,0.3344708903924974,1.88208836701376,1.7437681952761097,0.3476646903859868,0.8395296593659074,0.3811676176222395,3.4857082351346764
tsai,29,3.0,ok,10,4,5.330074899111934,1.1870024575709794,7.6215000260736385,1.0279699882840942,11.019679836409148,1.2489959800480464,7.630383247033573,10.930364669105577,0.852923656476305,9.087619083140671,1.1654435126215927,5.707206163517745,7.925404131795412,1.5630830769056796,5.849892840511245,1.4631894954215847,7.682740391971352,6.39312571100871,0.6482823203867835,3.8928692843279267,0.9720814722512706,5.642081702396136,5.237105592384854,1.0475908993676089,2.489918388467892,1.1472953499894687,10.462370951491165
tsai,29,5.0,ok,10,4,9.114171254342253,2.0936638583489993,13.253494889779196,1.8193484097445234,19.876339607399863,2.307148609171183,12.89877620686833,18.32205351664862,1.4641102140841378,15.296844622198234,1.9803701723549059,9.56208484088873,15.758413763886095,3.0583850064861093,10.556453474761692,2.9094405318736456,13.465572424003485,10.197706729037048,1.0020631496848407,6.50099116199587,1.567093695337198,9.399028101049648,8.735805549545027,1.7528352687230058,4.10239575841321,1.917751033830247,17.44754636287671
